generation	source	activeBySource	nearPriorBySource	meanDeviationBySource	varianceRatioBySource	changeMagnitudeQ25	changeMagnitudeQ50	changeMagnitudeQ75
1	OpenKineticsPredictor	0	1175	0	1	0	0	0
1	brenda	0	3198	0	1	0	0	0
1	custom	0	207	0	1	0	0	0
1	unlabelled	0	254	0	1	0	0	0
2	OpenKineticsPredictor	0	1175	0	1	0	0	0
2	brenda	37	3161	0.224364	0.98843	0	0	0
2	custom	0	207	0	1	0	0	0
2	unlabelled	0	254	0	1	0	0	0
3	OpenKineticsPredictor	0	1175	0	1	0	0	0
3	brenda	37	3161	0.226287	0.991643	0	0	0
3	custom	0	207	0	1	0	0	0
3	unlabelled	0	254	0	1	0	0	0
4	OpenKineticsPredictor	0	1175	0	1	0	0	0
4	brenda	37	3161	0.228306	0.993615	0	0	0
4	custom	0	207	0	1	0	0	0
4	unlabelled	0	254	0	1	0	0	0
5	OpenKineticsPredictor	0	1175	0	1	0	0	0
5	brenda	37	3197	0.230053	0.995281	0	0	0
5	custom	0	207	0	1	0	0	0
5	unlabelled	0	254	0	1	0	0	0
6	OpenKineticsPredictor	0	1175	0	1	0	0	0
6	brenda	37	3198	0.231837	0.996952	0	0	0
6	custom	0	207	0	1	0	0	0
6	unlabelled	0	254	0	1	0	0	0
7	OpenKineticsPredictor	0	1175	0	1	0	0	0
7	brenda	37	3198	0.233749	0.998686	0	0	0
7	custom	0	207	0	1	0	0	0
7	unlabelled	0	254	0	1	0	0	0
8	OpenKineticsPredictor	0	1175	0	1	0	0	0
8	brenda	37	3198	0.235619	1.00013	0	0	0
8	custom	0	207	0	1	0	0	0
8	unlabelled	0	254	0	1	0	0	0
9	OpenKineticsPredictor	1	1174	0.00180164	1.00043	0	0	0
9	brenda	37	3198	0.237182	1.00089	0	0	0
9	custom	0	207	0	1	0	0	0
9	unlabelled	0	254	0	1	0	0	0
10	OpenKineticsPredictor	6	1169	0.012938	1.00255	0	0	0
10	brenda	39	3198	0.245656	1.00114	0	0	0
10	custom	0	207	0	1	0	0	0
10	unlabelled	0	254	0	1	0	0	0
11	OpenKineticsPredictor	17	1158	0.0393562	1.00723	0	0	0
11	brenda	40	3198	0.250637	1.00124	0	0	0
11	custom	0	207	0	1	0	0	0
11	unlabelled	0	254	0	1	0	0	0
12	OpenKineticsPredictor	44	1131	0.102199	1.01872	0	0	0
12	brenda	40	3198	0.251893	1.00125	0	0	0
12	custom	0	207	0	1	0	0	0
12	unlabelled	0	254	0	1	0	0	0
13	OpenKineticsPredictor	77	1098	0.197001	1.03277	0	0	0
13	brenda	40	3198	0.253315	1.00125	0	0	0
13	custom	0	207	0	1	0	0	0
13	unlabelled	1	253	0.0144583	1.00197	0	0	0
14	OpenKineticsPredictor	88	1087	0.226383	1.03745	0	0	0
14	brenda	40	3198	0.254391	1.00124	0	0	0
14	custom	0	207	0	1	0	0	0
14	unlabelled	4	250	0.047797	1.00787	0	0	0
15	OpenKineticsPredictor	122	1053	0.326694	1.05191	0	0	0
15	brenda	40	3198	0.2554	1.00123	0	0	0
15	custom	0	207	0	1	0	0	0
15	unlabelled	6	248	0.0732048	1.01181	0	0	0
16	OpenKineticsPredictor	145	1030	0.388192	1.0617	0	0	0
16	brenda	40	3198	0.256367	1.00123	0	0	0
16	custom	0	207	0	1	0	0	0
16	unlabelled	9	245	0.115031	1.01772	0	0	0
17	OpenKineticsPredictor	164	1011	0.455339	1.06979	0	0	0
17	brenda	40	3198	0.25729	1.00125	0	0	0
17	custom	0	207	0	1	0	0	0
17	unlabelled	12	242	0.157465	1.02362	0	0	0
18	OpenKineticsPredictor	197	978	0.547432	1.08383	0	0	0
18	brenda	40	3198	0.257617	1.00125	0	0	0
18	custom	0	207	0	1	0	0	0
18	unlabelled	12	242	0.176728	1.02362	0	0	0
19	OpenKineticsPredictor	260	915	0.74415	1.11064	0	0	0
19	brenda	40	3198	0.258187	1.00125	0	0	0
19	custom	0	207	0	1	0	0	0
19	unlabelled	16	238	0.242303	1.0315	0	0	0
20	OpenKineticsPredictor	288	887	0.85702	1.12255	0	0	0
20	brenda	41	3198	0.262215	1.00128	0	0	0
20	custom	0	207	0	1	0	0	0
20	unlabelled	16	238	0.273354	1.0315	0	0	0
21	OpenKineticsPredictor	314	861	0.968041	1.13362	0	0	0.545842
21	brenda	41	3198	0.262624	1.00128	0	0	0
21	custom	0	207	0	1	0	0	0
21	unlabelled	27	227	0.424928	1.05315	0	0	0
22	OpenKineticsPredictor	363	812	1.17345	1.15447	0	0	0.651524
22	brenda	42	3198	0.266378	1.00131	0	0	0
22	custom	0	207	0	1	0	0	0
22	unlabelled	38	216	0.623123	1.0748	0	0	0
23	OpenKineticsPredictor	359	816	1.15927	1.15277	0	0	0.648593
23	brenda	41	3198	0.263158	1.00128	0	0	0
23	custom	0	207	0	1	0	0	0
23	unlabelled	38	216	0.624961	1.0748	0	0	0
24	OpenKineticsPredictor	375	800	1.24508	1.15957	0	0	0.718543
24	brenda	41	3198	0.263568	1.00128	0	0	0
24	custom	0	207	0	1	0	0	0
24	unlabelled	45	209	0.734253	1.08858	0	0	0
25	OpenKineticsPredictor	399	776	1.32035	1.16979	0	0	0.746776
25	brenda	42	3198	0.267313	1.00131	0	0	0
25	custom	0	207	0	1	0	0	0
25	unlabelled	45	209	0.771891	1.08858	0	0	0
26	OpenKineticsPredictor	406	769	1.36236	1.17277	0	0	0.765642
26	brenda	41	3198	0.264266	1.00128	0	0	0
26	custom	0	207	0	1	0	0	0
26	unlabelled	51	203	0.854578	1.10039	0	0	0
27	OpenKineticsPredictor	414	761	1.42546	1.17617	0	0	0.781813
27	brenda	41	3198	0.264605	1.00128	0	0	0
27	custom	0	207	0	1	0	0	0
27	unlabelled	49	205	0.868677	1.09646	0	0	0
28	OpenKineticsPredictor	424	751	1.44976	1.18043	0	0	0.78914
28	brenda	41	3198	0.264784	1.00128	0	0	0
28	custom	0	207	0	1	0	0	0
28	unlabelled	47	207	0.844806	1.09252	0	0	0
29	OpenKineticsPredictor	446	729	1.54465	1.18979	0	0	0.820689
29	brenda	41	3198	0.264793	1.00128	0	0	0
29	custom	0	207	0	1	0	0	0
29	unlabelled	48	206	0.890229	1.09449	0	0	0
30	OpenKineticsPredictor	467	708	1.65161	1.19872	0	0	0.83962
30	brenda	42	3198	0.268503	1.00131	0	0	0
30	custom	0	207	0	1	0	0	0
30	unlabelled	51	203	0.957132	1.10039	0	0	0
31	OpenKineticsPredictor	478	697	1.71568	1.2034	0	0	0.872346
31	brenda	41	3198	0.265592	1.00128	0	0	0
31	custom	0	207	0	1	0	0	0
31	unlabelled	53	201	1.01211	1.10433	0	0	0
