uniprotID_S288c	Standard _A	Standard _B	Standard _C
P00359	5.58E-01	8.08E-01	8.22E-01
P00358	3.40E-02	4.55E-02	3.18E-02
P00360	2.89E-01	3.51E-01	3.16E-01
P46367	5.05E+00	5.32E+00	5.22E+00
P40047	1.67E-01	1.48E-01	1.54E-01
P02994	7.998475512	7.472828814	8.245538466
P19097	1.42E+00	1.43E+00	1.43E+00
P07259	1.21E+00	1.08E+00	1.18E+00
P03965	6.41E-01	5.64E-01	6.53E-01
P00560	2.66E+00	2.90E+00	2.74E+00
P07149	1.59E+00	1.39E+00	1.60E+00
P05694	1.93E+00	1.97E+00	1.87E+00
P04806	6.56E-01	6.02E-01	4.79E-01
P04807	1.56E-01	1.74E-01	1.80E-01
P22202	1.01E-01	1.14E-01	1.16E-01
P09435	4.46E-01	4.65E-01	4.45E-01
P16474	4.44E-01	5.15E-01	4.45E-01
P32324	1.70E+00	1.67E+00	1.81E+00
P06169	1.84E+00	1.91E+00	1.89E+00
P26263	3.92E-02	3.12E-02	4.93E-02
Q00955	1.13E+00	1.16E+00	1.03E+00
Q01574	1.44E+00	1.39E+00	1.42E+00
P52910	3.02E-01	2.98E-01	2.88E-01
P00830	1.26E+00	1.40E+00	1.40E+00
P16861	4.18E-01	4.33E-01	4.35E-01
P16862	4.45E-01	4.44E-01	4.51E-01
P00549	1.47E+00	1.57E+00	1.49E+00
P52489	2.19E-03	2.14E-03	8.67E-03
Q02207	5.10E-01	5.73E-01	5.90E-01
P06105	2.44E-01	2.63E-01	2.57E-01
P16521	8.68E-01	8.00E-01	8.80E-01
P53978	1.26E-01	1.25E-01	1.44E-01
P19414	7.71E-01	8.20E-01	8.04E-01
P39533	3.21E-01	3.33E-01	3.45E-01
P54115	1.31E+00	1.33E+00	1.28E+00
P02829	1.08E+00	1.90E+00	1.65E+00
P00924	1.80E+00	2.08E+00	1.95E+00
P38689	5.76E-02	6.15E-02	6.57E-02
P38620	NaN	NaN	NaN
P14540	1.44E+00	1.66E+00	1.66E+00
P31539	1.08E+00	1.09E+00	1.04E+00
P32589	7.33E-01	7.63E-01	7.26E-01
P32590	2.55E-01	2.61E-01	2.61E-01
P06168	1.30E+00	1.32E+00	1.28E+00
P38009	2.66E-01	2.91E-01	2.65E-01
P54113	8.75E-02	8.36E-02	8.03E-02
P0CS90	1.31E+00	1.34E+00	1.33E+00
P07262	4.46E-01	4.91E-01	4.93E-01
P39708	2.28E-02	2.17E-02	2.00E-02
P47169	6.79E-01	7.32E-01	7.03E-01
P19358	4.17E-01	4.61E-01	4.08E-01
P10659	1.84E-01	1.92E-01	1.85E-01
P07251	1.45E+00	1.69E+00	1.44E+00
P07245	4.72E-01	4.86E-01	5.21E-01
P09440	2.10E-02	1.93E-02	3.10E-02
P17255	5.13E-01	5.55E-01	5.33E-01
P38720	7.50E-01	7.44E-01	6.91E-01
P53319	2.57E-01	2.60E-01	2.68E-01
P11154	7.92E-01	7.68E-01	7.55E-01
P17709	3.78E-01	3.60E-01	3.51E-01
Q04409	3.19E-01	3.41E-01	2.77E-01
P05030	2.15E-01	1.93E-01	2.19E-01
P19657	6.77E-02	6.00E-02	5.32E-02
P06106	2.10E+00	2.38E+00	2.12E+00
P37291	5.27E-01	5.05E-01	4.92E-01
P37292	1.45E-01	1.48E-01	1.76E-01
P23254	5.77E-01	5.87E-01	5.81E-01
P33315	2.31E-01	2.75E-01	2.59E-01
P19882	6.38E-01	7.11E-01	7.59E-01
P60010	8.67E-01	8.17E-01	8.38E-01
P20967	5.23E-01	5.69E-01	5.70E-01
P32191	5.68E-01	5.49E-01	5.41E-01
P22137	3.41E-01	3.31E-01	3.56E-01
P18239	8.95E-01	7.47E-01	9.33E-01
P25694	5.00E-01	5.67E-01	5.29E-01
Q12680	4.00E-01	3.52E-01	4.21E-01
P08566	3.81E-01	3.57E-01	3.70E-01
P00942	8.09E-01	9.11E-01	8.44E-01
Q12460	2.14E-01	2.22E-01	2.42E-01
Q12499	1.63E-01	1.69E-01	1.89E-01
P29311	9.75E-02	9.60E-02	9.93E-02
P34730	7.02E-02	7.61E-02	6.15E-02
P00815	5.57E-01	5.83E-01	5.76E-01
Q00055	2.31E-01	2.26E-01	2.56E-01
P41911	4.13E-02	4.60E-02	4.18E-02
P15019	3.26E-01	4.26E-01	3.78E-01
P53228	8.01E-02	1.16E-01	9.31E-02
P41939	2.81E-01	2.84E-01	2.77E-01
P21954	1.46E-01	1.60E-01	1.53E-01
P53982	2.41E-02	2.89E-02	3.56E-02
P38972	4.54E-01	4.66E-01	4.53E-01
P46655	3.36E-01	3.73E-01	3.57E-01
P22768	7.74E-01	6.76E-01	6.95E-01
P07244	3.05E-01	3.15E-01	3.04E-01
Q12122	1.31E-01	1.41E-01	1.39E-01
P48570	4.85E-02	4.99E-02	4.95E-02
P39692	3.16E-01	2.66E-01	3.17E-01
P22515	3.89E-01	3.51E-01	3.71E-01
P33416	3.46E-01	3.35E-01	3.74E-01
P33442	1.30E-01	1.27E-01	1.39E-01
P23248	1.81E-01	1.72E-01	1.76E-01
P40825	4.78E-01	4.69E-01	4.27E-01
P14832	2.87E-01	2.64E-01	3.11E-01
P53691	2.07E-01	2.04E-01	1.94E-01
P25719	5.12E-02	5.54E-02	5.44E-02
P35176	1.93E-02	2.68E-02	1.76E-02
P04802	2.55E-01	3.18E-01	2.93E-01
P09624	4.60E-01	5.15E-01	4.76E-01
P06634	1.86E-01	2.48E-01	2.29E-01
P20447	1.55E-01	1.56E-01	1.66E-01
P24784	1.30E-02	8.01E-03	2.00E-02
P39976	1.57E-01	1.61E-01	1.62E-01
P46681	5.55E-02	5.20E-02	7.53E-02
P31116	3.11E-01	3.37E-01	3.40E-01
P39954	1.23E+00	1.06E+00	1.11E+00
P36008	3.31E-01	3.02E-01	3.15E-01
P29547	8.57E-01	8.33E-01	7.68E-01
Q01217	4.38E-01	3.60E-01	5.01E-01
P14126	7.35E-01	7.61E-01	8.27E-01
Q12363	9.63E-01	1.05E+00	1.02E+00
P16140	3.35E-01	3.37E-01	3.36E-01
P12709	5.65E-01	6.38E-01	6.01E-01
P38011	4.77E-01	5.43E-01	5.53E-01
P09436	2.79E-01	2.32E-01	2.85E-01
P04840	1.33E+00	1.47E+00	1.46E+00
P32316	2.76E-01	3.01E-01	2.55E-01
P00890	3.06E-01	4.86E-01	3.63E-01
P08679	8.84E-03	6.94E-03	1.44E-02
P43635	5.70E-02	5.70E-02	5.43E-02
P07256	5.07E-01	5.53E-01	4.99E-01
P15180	3.64E-01	3.68E-01	3.74E-01
Q00711	3.45E-01	3.82E-01	3.53E-01
P47052	1.35E-02	1.20E-02	1.51E-02
P04147	3.08E-01	3.16E-01	3.34E-01
P17967	4.17E-01	4.28E-01	4.26E-01
P40054	7.22E-02	6.09E-02	7.37E-02
P40510	7.63E-02	7.58E-02	7.27E-02
P07257	2.50E-01	2.90E-01	2.66E-01
P39015	3.99E-01	4.11E-01	4.38E-01
P07806	3.47E-01	2.70E-01	3.32E-01
P38088	3.15E-01	4.31E-01	3.22E-01
P15705	3.32E-01	2.47E-01	3.12E-01
P23301	6.52E-01	4.93E-01	6.40E-01
P19211	NaN	NaN	NaN
P53252	4.37E-01	3.52E-01	3.59E-01
Q12230	1.16E-01	1.22E-01	1.01E-01
P17505	2.91E-01	2.51E-01	2.50E-01
P38891	1.74E-01	1.67E-01	1.69E-01
P47176	1.27E-01	1.17E-01	1.18E-01
P26637	2.04E-01	2.01E-01	2.14E-01
P39676	3.17E-01	3.87E-01	3.20E-01
P06208	3.85E-01	3.95E-01	4.17E-01
P32454	2.12E-01	1.96E-01	2.10E-01
P37898	1.04E-01	9.77E-02	1.10E-01
P07342	5.47E-01	4.51E-01	4.76E-01
P40069	2.42E-01	1.94E-01	2.16E-01
P38999	3.88E-01	4.06E-01	4.03E-01
P38249	2.49E-01	2.47E-01	2.81E-01
P07264	4.19E-01	3.94E-01	4.42E-01
P49367	3.05E-01	2.92E-01	3.89E-01
P15992	2.30E+00	2.6334864	2.4878184
P10081	2.98E-01	3.41E-01	3.27E-01
P00931	5.40E-01	5.58E-01	5.68E-01
P00817	4.13E-01	3.78E-01	3.62E-01
P32582	2.83E-01	2.72E-01	2.34E-01
P08536	1.41E-01	2.07E-01	1.70E-01
P05750	3.45E-01	4.19E-01	3.84E-01
P49090	7.30E-02	6.21E-02	8.27E-02
P49089	1.01E-01	8.57E-02	1.08E-01
P38788	2.66E-01	2.57E-01	2.53E-01
P39522	4.06E-01	4.02E-01	4.36E-01
Q03690	2.76E-01	2.82E-01	2.57E-01
P25294	2.92E-01	3.33E-01	3.56E-01
P16120	3.47E-01	3.57E-01	3.48E-01
P38158	NaN	NaN	NaN
P53051	3.44E-02	2.99E-02	2.76E-02
P13711	2.05E-01	1.77E-01	2.01E-01
P80210	1.73E-01	1.87E-01	1.76E-01
P17076	5.29E-02	5.23E-02	5.03E-02
P29453	1.33E-01	1.15E-01	1.38E-01
P05759	5.77E-02	6.03E-02	6.11E-02
P41805	4.24E-01	4.62E-01	4.59E-01
P23641	4.13E-01	4.04E-01	4.40E-01
P32565	2.77E-01	2.21E-01	2.60E-01
P07702	2.50E-01	2.16E-01	2.53E-01
P39518	1.71E-01	1.59E-01	1.70E-01
P38998	2.44E-01	2.05E-01	2.30E-01
P38764	1.96E-01	1.76E-01	1.88E-01
P21576	2.43E-01	2.29E-01	2.50E-01
P14742	1.30E-01	1.29E-01	1.37E-01
P32340	2.07E-01	1.95E-01	1.97E-01
P38695	1.08E-01	1.03E-01	1.38E-01
P23585	1.74E-01	1.39E-01	1.65E-01
P07284	8.80E-01	7.68E-01	7.78E-01
P37012	2.07E-01	2.05E-01	2.08E-01
P33401	1.21E-02	7.13E-03	1.42E-02
P10964	1.88E-01	1.77E-01	1.80E-01
P04050	7.70E-02	6.61E-02	8.87E-02
P50095	2.42E-01	2.43E-01	2.43E-01
P50094	NaN	NaN	4.78E-03
P13663	4.07E-01	3.82E-01	3.87E-01
P08417	3.13E-01	3.53E-01	3.24E-01
P13188	1.58E-01	1.42E-01	1.56E-01
P26783	3.56E-01	4.46E-01	4.03E-01
P07263	9.47E-02	9.35E-02	9.23E-02
P38708	2.13E-01	1.96E-01	1.90E-01
P32527	1.51E-01	1.75E-01	2.00E-01
P04801	1.70E-01	1.48E-01	1.61E-01
P25087	3.67E-01	3.54E-01	3.91E-01
P41338	2.72E-01	2.99E-01	2.97E-01
P07991	1.96E-01	2.00E-01	2.08E-01
P38219	2.22E-01	2.12E-01	2.10E-01
P32476	3.66E-01	2.50E-01	3.56E-01
P38934	2.55E-01	1.52E-01	1.60E-01
Q05506	2.34E-01	2.50E-01	2.27E-01
P07267	2.63E-01	3.15E-01	2.98E-01
Q06440	1.81E-01	1.73E-01	1.89E-01
P30624	2.61E-01	2.24E-01	2.88E-01
P38427	2.20E-01	2.24E-01	2.24E-01
P38426	7.06E-02	4.97E-02	5.81E-02
P15202	5.18E-01	5.01E-01	5.30E-01
P06738	1.66E-01	1.38E-01	1.65E-01
P53312	2.03E-01	1.90E-01	1.93E-01
P32861	2.18E-01	2.40E-01	2.51E-01
P39730	1.75E-01	1.53E-01	1.75E-01
P11986	2.59E-01	3.27E-01	2.37E-01
P53622	2.02E-01	2.12E-01	2.52E-01
P33299	1.19E-01	1.35E-01	1.08E-01
P18759	9.41E-02	9.16E-02	8.99E-02
P52917	NaN	NaN	3.39E-03
P07246	6.02E-01	6.86E-01	7.27E-01
P23542	1.83E-01	1.70E-01	1.88E-01
P09938	5.35E-01	4.98E-01	5.08E-01
P34760	3.78E-01	4.45E-01	4.23E-01
Q04120	7.54E-02	5.94E-02	7.44E-02
P38968	1.72E-01	1.69E-01	2.00E-01
P53090	2.46E-01	2.21E-01	2.42E-01
P15303	1.31E-01	1.09E-01	1.12E-01
P21264	1.60E-01	1.58E-01	1.75E-01
P53598	3.34E-01	3.57E-01	3.68E-01
P25443	3.98E-01	3.84E-01	4.14E-01
P00175	3.22E-01	2.77E-01	3.13E-01
P33327	5.53E-01	5.26E-01	5.56E-01
P38013	3.29E-01	3.59E-01	3.98E-01
P47912	1.71E-01	1.68E-01	1.92E-01
P39002	NaN	NaN	NaN
P32599	1.46E-01	1.42E-01	1.42E-01
P11412	2.13E-01	2.31E-01	2.10E-01
Q08911	1.90E-01	3.21E-01	2.47E-01
P33330	1.34E-01	1.45E-01	1.53E-01
P00958	1.21E-01	1.12E-01	9.51E-02
P33892	1.21E-01	1.18E-01	1.33E-01
P25491	1.91E-01	1.93E-01	2.16E-01
P54838	1.92E-01	1.90E-01	1.99E-01
P38707	2.38E-01	1.96E-01	2.13E-01
P14065	1.01E-01	9.86E-02	1.17E-01
Q12458	1.77E-02	2.04E-02	1.82E-02
P31373	4.25E-01	4.68E-01	4.38E-01
Q05050	2.27E-01	2.57E-01	2.74E-01
P22855	1.69E-01	1.64E-01	1.59E-01
P15891	1.64E-01	1.65E-01	2.14E-01
Q12428	1.95E-01	2.07E-01	2.04E-01
P15624	1.52E-01	1.29E-01	1.48E-01
P43616	1.91E-01	2.05E-01	1.85E-01
P36060	2.52E-01	1.88E-01	2.07E-01
P39935	4.72E-01	4.63E-01	5.08E-01
P39936	2.81E-02	9.27E-03	1.85E-02
Q05911	2.07E-01	2.32E-01	2.08E-01
P05317	5.73E-01	6.51E-01	6.64E-01
Q07653	1.35E-01	1.35E-01	1.78E-01
P32481	2.13E-01	1.86E-01	1.74E-01
P31688	2.05E-01	2.03E-01	2.08E-01
P25605	1.51E-01	1.38E-01	1.54E-01
P32796	1.66E-01	1.74E-01	1.70E-01
Q05022	1.91E-01	2.05E-01	2.26E-01
P00950	1.54E-01	1.22E-01	1.22E-01
Q07551	1.50E-01	1.57E-01	1.41E-01
P28834	2.50E-01	2.76E-01	2.70E-01
P26321	4.69E-01	6.03E-01	5.53E-01
P36013	7.74E-02	5.94E-02	8.63E-02
P54839	2.24E-01	2.66E-01	2.20E-01
P41940	1.94E-01	1.93E-01	1.81E-01
P39078	1.39E-01	1.42E-01	1.84E-01
P47068	1.73E-01	1.60E-01	2.42E-01
Q06151	3.23E-02	3.97E-02	3.54E-02
Q12123	6.43E-02	7.94E-02	6.67E-02
P32074	2.70E-01	3.24E-01	3.16E-01
P28241	3.61E-01	4.29E-01	5.13E-01
P0C2H6	4.26E-01	4.52E-01	5.09E-01
P36112	1.11E-01	1.16E-01	1.15E-01
P40495	2.17E-01	2.02E-01	2.16E-01
P43567	1.96E-01	2.39E-01	2.11E-01
P32449	3.25E-01	3.14E-01	3.53E-01
P39940	1.13E-01	9.55E-02	1.23E-01
P32891	2.05E-01	2.14E-01	2.02E-01
Q07478	1.58E-01	1.66E-01	1.78E-01
P53549	4.93E-02	6.27E-02	5.63E-02
Q01939	4.62E-02	5.16E-02	6.02E-02
P33298	NaN	6.90E-03	9.00E-03
P38625	1.29E-01	1.32E-01	1.27E-01
P21801	1.33E-01	1.05E-01	1.01E-01
P34216	1.11E-01	1.01E-01	1.61E-01
P05737	1.83E-02	2.03E-02	1.06E-02
P00724	1.97E-01	2.01E-01	2.08E-01
P39076	6.24E-02	1.06E-01	1.09E-01
P53278	1.43E-01	1.33E-01	1.46E-01
Q12449	1.85E-01	1.78E-01	1.88E-01
P53834	8.33E-03	7.23E-03	8.73E-03
P06103	1.77E-01	1.59E-01	1.52E-01
P41811	1.17E-01	9.94E-02	1.20E-01
P16603	2.12E-01	2.09E-01	2.20E-01
P00927	8.87E-02	8.94E-02	9.45E-02
P09733	9.06E-02	7.87E-02	8.17E-02
P09734	2.91E-02	3.59E-02	3.73E-02
P08524	4.13E-01	3.68E-01	4.17E-01
P28240	2.17E-01	2.22E-01	2.33E-01
P16387	2.11E-01	2.26E-01	2.27E-01
P38115	2.52E-01	2.51E-01	2.69E-01
P15625	1.11E-01	8.40E-02	9.60E-02
P38113	1.04E+00	9.26E-01	8.66E-01
P32473	4.49E-01	5.05E-01	4.65E-01
P00899	1.38E-01	1.32E-01	1.60E-01
P32614	1.40E-01	1.47E-01	1.41E-01
P47117	7.18E-02	7.53E-02	9.61E-02
P46680	1.21E-01	1.22E-01	1.18E-01
P10869	2.68E-01	2.48E-01	2.32E-01
Q12335	2.58E-01	2.83E-01	3.06E-01
P39516	2.24E-02	2.15E-02	2.15E-02
P06367	2.57E-02	2.63E-02	2.62E-02
P40217	9.46E-02	1.08E-01	1.05E-01
P54885	1.01E-01	1.03E-01	1.14E-01
P38845	8.74E-02	9.35E-02	1.33E-01
P33734	1.67E-01	1.58E-01	1.53E-01
P36775	1.08E-01	1.08E-01	9.44E-02
P32419	7.88E-02	7.99E-02	8.74E-02
P32558	1.41E-01	1.10E-01	1.36E-01
P40482	1.54E-01	1.13E-01	1.33E-01
Q00764	2.22E-01	2.20E-01	2.49E-01
P26786	5.64E-02	4.93E-02	5.77E-02
P48164	2.31E-02	1.98E-02	1.72E-02
P40302	1.76E-01	1.78E-01	1.65E-01
P38077	9.55E-02	1.11E-01	1.07E-01
P04076	2.11E-01	1.86E-01	2.03E-01
P51401	6.15E-03	1.05E-02	1.37E-02
P05738	7.92E-03	1.06E-02	1.33E-02
P05150	1.67E-01	1.62E-01	1.77E-01
P00937	1.52E-01	1.55E-01	1.94E-01
P39079	8.21E-02	7.91E-02	7.55E-02
P31412	2.09E-01	2.16E-01	1.98E-01
P25623	1.12E-01	1.26E-01	1.32E-01
P43603	6.37E-02	6.12E-02	6.37E-02
P32793	2.40E-02	9.57E-03	2.18E-02
P26785	1.03E-01	1.23E-01	1.12E-01
P26784	6.15E-02	7.08E-02	6.57E-02
P29509	8.22E-02	1.02E-01	1.06E-01
P38816	3.55E-02	4.45E-02	3.60E-02
Q02326	3.77E-02	3.99E-02	5.07E-02
P05739	3.50E-02	3.46E-02	2.96E-02
Q03558	7.79E-02	5.58E-02	4.77E-02
P41816	1.08E-02	5.08E-03	1.37E-02
P41810	1.49E-01	1.42E-01	1.60E-01
Q08972	1.69E-01	1.64E-01	1.79E-01
P49723	1.74E-01	2.92E-01	2.39E-01
P02992	1.68E-01	1.93E-01	1.88E-01
P04046	1.20E-01	1.19E-01	1.28E-01
P02407	3.11E-01	2.95E-01	3.16E-01
Q03195	1.31E-01	1.05E-01	1.41E-01
P18544	1.30E-01	1.24E-01	1.39E-01
P07275	1.87E-01	2.13E-01	1.90E-01
P28274	6.86E-02	7.38E-02	6.60E-02
P38627	8.71E-03	4.01E-03	1.03E-02
P47143	1.48E-01	1.78E-01	1.60E-01
P04821	NaN	NaN	NaN
P27476	8.46E-02	9.13E-02	1.08E-01
P07560	4.89E-02	4.51E-02	6.02E-02
P01123	3.46E-02	2.92E-02	3.48E-02
Q99260	1.72E-02	NaN	1.32E-02
P09232	2.59E-01	2.79E-01	3.12E-01
P54861	1.61E-01	1.57E-01	1.37E-01
P16649	1.57E-01	1.69E-01	1.70E-01
Q08977	7.09E-02	9.04E-02	1.14E-01
P46672	1.69E-01	1.72E-01	1.79E-01
P21243	1.00E-01	1.18E-01	1.00E-01
Q04869	1.37E-01	1.54E-01	2.14E-01
P05453	1.26E-01	1.08E-01	1.39E-01
P15703	4.98E-01	5.32E-01	5.19E-01
P07283	1.40E-01	1.45E-01	1.43E-01
P12695	1.73E-01	1.76E-01	1.87E-01
P38715	1.12E-01	1.92E-01	1.33E-01
P32497	8.90E-02	6.72E-02	7.77E-02
P46654	4.56E-01	5.28E-01	4.42E-01
P39077	1.46E-01	1.36E-01	1.54E-01
P32377	1.01E-01	9.00E-02	1.07E-01
Q04947	1.95E-01	1.40E-01	2.06E-01
P43593	9.19E-02	8.11E-02	7.82E-02
P00445	1.86E-01	1.90E-01	2.19E-01
P32288	1.71E-01	1.51E-01	1.48E-01
P35844	8.56E-02	9.45E-02	8.12E-02
Q02821	1.45E-01	1.70E-01	1.52E-01
P38754	3.21E-02	3.39E-02	3.30E-02
P36105	2.87E-02	5.01E-02	7.54E-02
P40024	1.39E-01	1.57E-01	1.51E-01
P40215	1.14E-01	1.15E-01	1.37E-01
P04449	4.00E-02	4.97E-02	5.64E-02
P24000	8.21E-03	1.13E-02	1.66E-02
P38137	2.64E-01	2.27E-01	3.42E-01
P37302	3.27E-01	3.57E-01	3.43E-01
P27796	3.51E-01	3.55E-01	3.13E-01
P33297	8.44E-02	7.87E-02	8.01E-02
P33322	2.97E-01	3.63E-01	3.34E-01
P11076	0.040626891	5.32E-02	5.19E-02
P19146	2.60E-02	3.20E-02	3.66E-02
Q08412	9.66E-02	9.00E-02	1.23E-01
P07213	5.86E-02	6.96E-02	6.57E-02
Q08822	1.30E-01	9.33E-02	1.39E-01
P33303	1.53E-01	2.23E-01	1.86E-01
P15646	2.86E-01	3.04E-01	3.11E-01
P38701	2.36E-01	2.29E-01	2.67E-01
P40531	1.31E-01	1.44E-01	1.41E-01
P0C0W1	2.33E-01	2.50E-01	2.37E-01
P25349	1.46E-01	1.51E-01	1.63E-01
P32775	1.62E-01	1.44E-01	1.58E-01
P17555	9.15E-02	8.63E-02	9.89E-02
P36046	3.39E-02	3.69E-02	5.34E-02
Q02753	3.85E-02	4.52E-02	1.19E-01
Q12672	NaN	3.84E-03	5.39E-03
P41807	7.73E-02	5.71E-02	7.62E-02
P27614	1.34E-01	1.64E-01	1.81E-01
Q04491	8.53E-02	8.82E-02	8.10E-02
P40212	2.84E-01	2.32E-01	2.17E-01
Q03940	1.84E-01	1.59E-01	1.37E-01
P47079	1.41E-01	1.47E-01	1.50E-01
P38247	2.77E-02	2.62E-02	3.10E-02
P12683	2.51E-01	2.74E-01	3.16E-01
P52893	1.30E-01	1.20E-01	1.18E-01
Q01532	4.54E-01	4.51E-01	4.67E-01
P16550	4.60E-02	3.38E-02	3.87E-02
P24276	6.63E-02	5.99E-02	8.16E-02
P38631	1.48E-01	1.31E-01	1.47E-01
P40989	2.14E-02	1.31E-02	2.52E-02
P27616	1.47E-01	1.65E-01	1.44E-01
P09064	6.35E-02	4.33E-02	6.69E-02
P28777	1.30E-01	1.44E-01	1.34E-01
P07278	1.65E-01	1.48E-01	1.51E-01
Q03048	1.84E-01	2.13E-01	2.37E-01
Q12377	1.79E-01	1.81E-01	2.01E-01
P19262	2.14E-01	1.84E-01	1.48E-01
P38205	3.07E-01	2.96E-01	2.94E-01
P40991	1.33E-01	1.26E-01	1.36E-01
P32499	1.41E-01	1.52E-01	1.56E-01
Q12329	1.33E-01	1.34E-01	1.97E-01
P02406	1.89E-01	1.82E-01	2.47E-01
P30952	1.96E-01	1.93E-01	2.24E-01
P39958	1.39E-01	1.30E-01	1.33E-01
P49095	2.66E-01	2.23E-01	2.66E-01
P10080	1.40E-01	1.32E-01	1.23E-01
P34227	1.19E-01	1.17E-01	1.13E-01
Q3E757	4.33E-01	4.48E-01	4.23E-01
P36010	8.34E-02	7.83E-02	1.05E-01
P29952	1.15E-01	1.26E-01	1.17E-01
P53297	2.83E-02	4.58E-02	4.15E-02
P42943	8.48E-02	7.71E-02	9.92E-02
P35191	3.00E-01	3.50E-01	3.67E-01
Q12118	1.59E-01	1.67E-01	1.41E-01
P14904	1.32E-01	1.63E-01	1.52E-01
P21242	1.44E-01	1.57E-01	1.55E-01
P34223	2.65E-02	3.59E-02	3.49E-02
Q04636	6.23E-02	5.73E-02	6.07E-02
Q08723	1.50E-01	1.94E-01	1.64E-01
P40016	1.21E-01	1.01E-01	1.32E-01
Q04458	2.13E-01	2.11E-01	2.49E-01
P40075	9.07E-02	6.89E-02	8.08E-02
P07143	1.64E-01	1.72E-01	1.73E-01
P02557	1.72E-01	1.71E-01	2.18E-01
P47039	1.10E-01	1.02E-01	1.07E-01
P07170	1.81E-01	1.46E-01	1.72E-01
P15700	3.49E-02	2.39E-02	3.67E-02
P40053	9.05E-02	8.04E-02	8.98E-02
P14020	1.04E-01	9.90E-02	8.99E-02
P53839	1.76E-01	1.76E-01	1.79E-01
Q01560	2.72E-01	3.32E-01	3.03E-01
P41277	2.53E-02	1.50E-02	1.65E-02
P40106	1.24E-01	8.93E-02	1.24E-01
P38431	1.32E-01	1.20E-01	1.24E-01
P23644	1.71E-01	2.12E-01	1.88E-01
P33338	5.91E-02	3.22E-02	6.12E-02
P32598	6.39E-02	5.89E-02	5.82E-02
P26570	NaN	NaN	2.94E-03
P08518	7.44E-02	5.27E-02	7.69E-02
Q04728	1.14E-01	1.22E-01	1.42E-01
P32628	6.91E-02	7.63E-02	6.99E-02
P40008	1.16E-01	1.25E-01	1.35E-01
P39683	9.75E-02	1.05E-01	1.15E-01
P23180	7.86E-02	9.19E-02	8.08E-02
P40327	7.08E-02	5.57E-02	6.25E-02
Q12031	1.06E-01	2.19E-01	2.43E-01
Q02196	7.86E-02	7.59E-02	6.99E-02
P06115	1.74E-01	1.70E-01	2.19E-01
Q03102	1.23E-01	1.46E-01	1.45E-01
P17423	1.54E-01	1.42E-01	1.52E-01
P54783	8.03E-02	9.82E-02	7.56E-02
Q12462	1.21E-01	1.07E-01	1.15E-01
Q04336	1.07E-01	8.08E-02	1.02E-01
P40017	1.22E-01	9.94E-02	9.89E-02
P12612	1.65E-01	1.69E-01	1.82E-01
P36421	1.56E-01	1.70E-01	1.83E-01
P06780	1.25E-01	1.08E-01	9.86E-02
P17649	4.42E-02	4.39E-02	5.09E-02
P25567	2.14E-02	2.53E-02	2.99E-02
P41921	9.78E-02	1.10E-01	9.25E-02
P20459	1.20E-01	1.17E-01	1.08E-01
P40303	4.81E-02	5.26E-02	4.61E-02
P05740	2.86E-02	1.66E-02	2.47E-02
P46990	1.84E-02	6.78E-03	8.47E-03
P40010	5.41E-02	5.38E-02	5.83E-02
P32835	3.30E-02	2.98E-02	3.13E-02
P32836	1.07E-02	7.52E-03	6.87E-03
P32468	3.91E-02	3.90E-02	3.47E-02
P48589	7.18E-02	1.36E-01	1.21E-01
Q04894	1.02E-01	1.09E-01	1.12E-01
P00447	1.44E-01	1.63E-01	1.38E-01
P53885	6.69E-02	8.38E-02	8.90E-02
Q12464	4.86E-02	7.79E-02	7.38E-02
P47120	6.87E-02	6.98E-02	6.47E-02
P00498	7.26E-02	7.74E-02	7.71E-02
P37262	3.55E-02	3.35E-02	3.62E-02
P50278	9.95E-02	1.17E-01	9.31E-02
Q12480	1.06E-01	1.13E-01	1.03E-01
P20449	5.87E-02	5.39E-02	5.09E-02
P12385	1.61E-01	1.55E-01	1.69E-01
P14306	8.16E-02	8.33E-02	9.55E-02
P07277	3.83E-02	4.04E-02	4.24E-02
P35732	3.04E-01	2.81E-01	2.84E-01
P05755	1.14E-01	1.26E-01	1.49E-01
P36148	7.48E-02	6.78E-02	9.03E-02
P38988	1.07E-01	1.31E-01	1.20E-01
P13298	8.81E-02	7.89E-02	8.53E-02
Q05016	1.38E-01	1.72E-01	1.53E-01
P20606	1.13E-01	1.10E-01	1.12E-01
P40850	5.68E-02	4.36E-02	6.44E-02
P38624	5.82E-02	7.46E-02	6.90E-02
P22336	1.08E-01	1.01E-01	1.12E-01
P25293	1.07E-01	1.12E-01	1.08E-01
Q06494	3.78E-02	5.21E-02	5.17E-02
P01120	7.67E-02	7.60E-02	7.74E-02
P01119	1.55E-02	2.77E-03	1.25E-02
P38075	3.26E-02	3.28E-02	4.71E-02
Q12074	7.43E-02	9.43E-02	7.20E-02
P32179	7.56E-02	4.58E-02	3.88E-02
P32368	4.98E-02	1.88E-02	5.10E-02
P10963	4.23E-02	4.46E-02	4.73E-02
P15424	5.07E-02	6.16E-02	6.95E-02
P02294	1.24E-01	9.95E-02	1.65E-01
P38911	9.59E-02	1.15E-01	1.10E-01
Q06205	1.08E-01	8.17E-02	9.18E-02
P32521	6.92E-02	5.99E-02	1.40E-01
P22146	1.08E-01	1.17E-01	1.31E-01
P09457	8.46E-02	1.05E-01	1.09E-01
Q12250	5.54E-02	4.46E-02	5.80E-02
Q04062	9.89E-02	9.48E-02	1.04E-01
Q03161	6.49E-02	6.38E-02	4.99E-02
P53849	1.23E-02	1.22E-02	1.86E-02
Q06103	1.22E-01	1.12E-01	1.14E-01
P32263	9.49E-02	9.82E-02	1.05E-01
Q10740	9.28E-02	1.25E-01	1.04E-01
P31383	5.42E-02	3.79E-02	7.01E-02
Q08971	3.63E-02	4.26E-02	3.79E-02
Q02046	1.17E-01	1.25E-01	1.20E-01
P21524	1.35E-01	1.48E-01	1.18E-01
Q12154	8.62E-02	7.12E-02	7.67E-02
P22147	1.48E-01	1.27E-01	1.55E-01
P38081	1.41E-01	1.91E-01	1.64E-01
P29704	1.53E-01	1.32E-01	1.51E-01
P32602	8.69E-02	9.58E-02	7.77E-02
P40413	4.64E-02	4.75E-02	5.83E-02
P11353	8.82E-02	8.56E-02	7.13E-02
P38795	4.00E-02	2.73E-02	5.12E-02
P35691	2.14E-01	2.14E-01	2.12E-01
P39986	8.47E-02	5.99E-02	8.32E-02
P10614	9.72E-02	9.41E-02	8.99E-02
P38328	3.49E-02	3.38E-02	3.99E-02
P00729	7.06E-02	9.51E-02	8.97E-02
Q04013	7.42E-02	4.82E-02	8.27E-02
P50085	6.88E-02	8.81E-02	7.23E-02
P14843	1.14E-01	9.04E-02	1.02E-01
P32379	1.22E-01	9.93E-02	9.04E-02
P53852	6.84E-02	7.41E-02	9.02E-02
Q12189	9.16E-02	9.61E-02	9.92E-02
P38295	1.46E-01	1.60E-01	1.55E-01
P53172	6.22E-02	4.40E-02	5.23E-02
P38250	1.40E-01	1.41E-01	7.74E-02
P53235	3.86E-02	4.03E-02	5.67E-02
P05373	4.94E-02	5.40E-02	4.83E-02
P20081	1.67E-01	1.73E-01	1.82E-01
P43588	6.33E-02	9.15E-02	7.40E-02
Q99287	9.75E-02	9.21E-02	6.78E-02
P23639	1.21E-01	1.14E-01	1.13E-01
Q07505	4.10E-02	4.26E-02	4.63E-02
P53303	5.73E-02	4.06E-02	3.70E-02
Q12068	1.31E-02	1.38E-02	3.70E-02
Q05905	2.19E-01	2.83E-01	2.64E-01
P32573	1.07E-01	1.08E-01	1.23E-01
P07172	9.13E-02	9.68E-02	8.40E-02
P38694	2.80E-02	2.45E-02	4.20E-02
P07703	8.93E-02	8.55E-02	8.37E-02
P36114	7.64E-02	5.01E-02	6.69E-02
P32771	8.45E-02	8.45E-02	9.32E-02
Q06142	9.40E-02	8.14E-02	6.84E-02
P40093	6.87E-02	6.72E-02	7.67E-02
P48015	8.94E-02	9.21E-02	8.89E-02
P08067	7.52E-02	7.15E-02	6.99E-02
P38687	3.09E-02	2.26E-02	3.54E-02
P36017	1.68E-01	1.73E-01	1.64E-01
P36018	7.19E-03	9.07E-03	1.18E-02
P39926	3.23E-02	3.95E-02	7.19E-02
P32867	NaN	5.66E-03	8.31E-03
P38616	1.21E-01	1.40E-01	1.19E-01
P40364	4.04E-02	3.76E-02	4.44E-02
Q03862	3.78E-02	3.73E-02	6.13E-02
P32471	1.26E-01	1.03E-01	1.00E-01
P39966	3.24E-02	4.81E-02	3.93E-02
P34221	7.03E-03	1.80E-02	1.36E-02
P04037	4.10E-02	2.91E-02	2.93E-02
P25613	6.48E-02	6.73E-02	7.56E-02
P32907	1.67E-02	1.23E-02	1.87E-02
P25375	7.28E-02	9.09E-02	7.38E-02
P51996	1.08E-02	1.11E-02	9.96E-03
P38555	5.68E-03	5.38E-03	5.43E-03
Q12305	9.80E-02	7.20E-02	8.72E-02
P36049	5.17E-02	1.84E-02	5.37E-02
P38230	8.48E-02	5.96E-02	1.09E-01
Q04067	2.82E-02	2.46E-02	2.01E-02
P25451	2.76E-02	3.96E-02	4.54E-02
Q12265	5.78E-02	4.54E-02	5.27E-02
Q04178	5.39E-02	6.10E-02	5.54E-02
P47165	NaN	9.66E-03	7.72E-03
P15873	2.98E-02	4.68E-02	3.56E-02
P27692	3.25E-02	3.98E-02	1.26E-01
P32787	4.21E-02	4.06E-02	4.81E-02
P11745	6.73E-02	8.06E-02	8.71E-02
P38067	3.04E-02	3.64E-02	4.08E-02
P38061	1.39E-01	1.71E-01	2.79E-01
P32608	2.59E-02	2.52E-02	3.27E-02
P38314	6.23E-02	8.01E-02	8.01E-02
P41058	5.60E-02	3.13E-02	6.24E-02
P41057	9.66E-03	8.53E-03	1.43E-02
P33399	2.96E-02	2.95E-02	3.31E-02
P53199	2.39E-01	2.78E-01	2.64E-01
P24280	2.36E-02	2.73E-02	2.52E-02
P53184	4.90E-02	6.32E-02	5.17E-02
P38791	6.69E-03	1.24E-02	1.42E-02
P32898	7.95E-02	7.56E-02	7.64E-02
P38741	4.86E-02	3.86E-02	5.75E-02
P53731	3.48E-02	1.68E-02	4.91E-02
P40471	9.38E-02	9.98E-02	1.01E-01
Q08686	3.83E-02	3.59E-02	3.15E-02
O14467	6.64E-02	3.25E-02	4.89E-02
P00128	4.38E-02	5.08E-02	5.55E-02
P05744	4.18E-02	5.13E-02	5.54E-02
P41056	1.29E-02	1.21E-02	1.55E-02
Q99383	9.60E-02	8.59E-02	1.08E-01
P32381	5.38E-02	5.91E-02	4.63E-02
Q3E792	1.11E-01	1.16E-01	1.14E-01
P36041	4.72E-02	4.40E-02	5.58E-02
P36139	3.16E-02	4.41E-02	7.25E-02
P38886	6.31E-02	5.86E-02	6.25E-02
P05626	6.79E-02	9.80E-02	9.42E-02
P32332	3.44E-02	3.10E-02	3.00E-02
P23776	8.06E-02	1.05E-01	8.83E-02
P30656	7.40E-02	7.78E-02	7.40E-02
Q01852	2.90E-02	5.08E-02	3.82E-02
P53081	4.08E-02	4.46E-02	4.30E-02
P39714	1.21E-01	1.11E-01	1.07E-01
P05756	9.94E-02	7.95E-02	1.03E-01
Q08179	1.11E-01	1.01E-01	1.03E-01
Q12029	1.36E-02	2.32E-02	2.87E-02
P25039	8.88E-02	8.37E-02	8.88E-02
P21304	5.59E-02	2.85E-02	6.32E-02
P40029	7.61E-02	5.01E-02	9.34E-02
P36015	4.81E-02	4.56E-02	4.18E-02
Q12447	4.87E-02	4.52E-02	4.06E-02
P53250	5.34E-02	4.23E-02	5.00E-02
P32563	5.88E-02	4.62E-02	5.99E-02
P40363	3.06E-02	6.04E-02	3.66E-02
P00044	8.98E-02	8.95E-02	9.09E-02
Q12109	4.80E-02	5.33E-02	6.46E-02
Q06892	1.01E-01	8.97E-02	1.19E-01
P40893	8.94E-02	9.60E-02	8.63E-02
P38817	1.24E-01	1.29E-01	9.97E-02
P47137	2.82E-02	2.80E-02	3.78E-02
Q04439	5.56E-02	5.31E-02	5.02E-02
P36006	1.87E-02	1.40E-02	4.99E-02
P21965	3.06E-02	3.13E-02	3.19E-02
P12688	NaN	NaN	2.03E-02
P18961	6.77E-03	7.31E-03	1.20E-02
P40513	1.08E-01	1.42E-01	1.27E-01
P07260	4.63E-02	3.98E-02	2.79E-02
P53075	4.63E-02	3.50E-02	1.39E-01
P32485	2.31E-02	2.40E-02	1.73E-02
Q00772	1.33E-02	1.02E-02	2.05E-02
P53334	6.55E-02	5.34E-02	5.42E-02
P39517	4.13E-02	3.49E-02	3.66E-02
Q02892	1.81E-02	3.15E-02	5.57E-02
Q96VH4	7.77E-03	6.00E-03	3.04E-02
P38264	9.43E-02	8.65E-02	1.04E-01
Q04371	3.10E-02	1.64E-02	2.25E-02
P38821	4.30E-02	5.85E-02	5.58E-02
P47018	4.05E-02	1.76E-02	2.56E-02
P43123	4.08E-02	2.83E-02	3.94E-02
P53633	4.15E-02	3.38E-02	4.74E-02
P53723	3.81E-02	4.56E-02	5.09E-02
P53128	3.67E-02	3.17E-02	3.23E-02
P23638	4.22E-02	5.20E-02	4.88E-02
P12945	3.54E-02	2.31E-02	3.79E-02
P33201	3.54E-02	3.82E-02	3.54E-02
P32366	3.40E-02	3.66E-02	3.59E-02
P40961	3.55E-02	3.39E-02	3.99E-02
P15454	7.72E-02	8.83E-02	9.58E-02
P33775	1.86E-02	1.43E-02	1.46E-02
P00427	3.40E-02	2.57E-02	1.92E-02
Q08208	1.83E-02	1.05E-02	2.35E-02
Q12434	2.48E-02	2.57E-02	2.00E-02
P38353	2.28E-02	NaN	2.26E-02
Q05359	8.08E-02	6.58E-02	6.92E-02
P30822	4.85E-02	4.90E-02	5.98E-02
Q06625	1.70E-01	2.22E-01	1.57E-01
P20485	2.40E-02	1.91E-02	3.00E-02
P07274	5.47E-02	6.72E-02	1.13E-01
P21734	1.69E-02	1.28E-02	1.33E-02
P38152	3.11E-02	3.03E-02	4.02E-02
P38248	1.24E-01	1.29E-01	1.33E-01
P48837	2.07E-02	2.77E-02	3.10E-02
P40165	8.15E-02	9.05E-02	8.78E-02
P32843	4.04E-02	5.19E-02	6.27E-02
P41903	6.04E-02	6.48E-02	5.64E-02
P32795	6.14E-02	5.21E-02	6.00E-02
P38912	3.89E-02	4.36E-02	4.25E-02
Q01662	2.81E-02	2.42E-02	3.15E-02
P23291	1.56E-02	1.62E-02	2.04E-02
P29295	2.29E-02	6.08E-03	2.10E-02
P39962	2.97E-02	2.46E-02	2.75E-02
P53101	4.73E-02	3.38E-02	4.33E-02
P19454	1.21E-02	1.45E-02	1.62E-02
P32895	1.86E-01	2.15E-01	1.62E-01
P0C2H8	3.25E-02	3.17E-02	3.39E-02
P04456	1.34E-01	1.15E-01	1.11E-01
Q12117	1.75E-02	1.88E-02	2.25E-02
P38079	4.41E-02	3.63E-02	4.61E-02
Q00245	5.11E-02	3.34E-02	3.75E-02
Q04225	3.78E-02	3.92E-02	4.90E-02
P38626	2.10E-02	1.32E-02	2.74E-02
P14906	4.95E-02	3.09E-02	4.69E-02
Q03104	1.02E-01	7.69E-02	6.97E-02
P25342	1.50E-02	1.95E-02	1.61E-02
P22803	2.72E-02	2.77E-02	3.44E-02
P22217	1.08E-02	6.24E-02	1.19E-02
P32356	1.31E-01	1.35E-01	1.50E-01
P12962	2.20E-02	3.01E-02	3.75E-02
Q05515	6.09E-02	7.12E-02	6.69E-02
P02400	2.99E-02	2.73E-02	3.04E-02
P38836	1.57E-02	1.38E-02	1.68E-02
P35197	2.02E-02	1.86E-02	2.48E-02
Q08968	3.08E-02	2.32E-02	1.61E-02
P32803	2.64E-02	5.69E-02	4.27E-02
P50107	3.91E-02	4.65E-02	5.13E-02
Q08818	3.24E-02	3.39E-02	4.05E-02
Q12207	3.28E-01	2.62E-01	3.02E-01
P38996	7.14E-02	8.66E-02	8.05E-02
Q03532	1.05E-01	7.83E-02	1.03E-01
Q03028	3.87E-02	3.63E-02	3.35E-02
P38260	5.90E-02	6.19E-02	5.02E-02
P23724	5.70E-02	7.55E-02	7.04E-02
P38755	1.98E-02	2.37E-02	1.93E-02
Q02201	8.05E-03	8.62E-03	7.43E-03
P39968	1.12E-01	1.24E-01	1.90E-01
Q06489	1.25E-02	1.63E-02	2.36E-02
P14922	9.53E-02	8.40E-02	7.99E-02
P32335	2.33E-02	2.34E-02	2.85E-02
P05749	2.01E-02	2.89E-02	3.26E-02
P56628	2.16E-02	2.43E-02	2.57E-02
P53295	2.28E-02	2.76E-02	4.31E-02
P15274	6.10E-02	4.23E-02	6.70E-02
P47096	4.67E-02	3.50E-02	5.12E-02
P32458	7.10E-02	5.96E-02	8.62E-02
P27472	9.93E-03	9.05E-03	2.93E-02
P23337	1.86E-02	1.76E-02	1.92E-02
P40506	1.96E-02	2.61E-02	2.52E-02
P38810	7.81E-03	9.01E-03	2.07E-02
Q04697	4.77E-02	4.40E-02	6.83E-02
P39729	4.36E-02	4.40E-02	4.68E-02
P47085	3.96E-02	4.12E-02	4.69E-02
P42940	3.85E-02	4.06E-02	4.95E-02
P22943	1.74E-02	2.58E-02	4.17E-02
P22133	9.37E-02	9.49E-02	7.86E-02
P42938	5.10E-03	1.58E-02	1.23E-02
P49334	3.79E-02	4.20E-02	3.96E-02
P43621	5.24E-02	6.05E-02	5.49E-02
P22141	8.11E-02	9.28E-02	8.71E-02
P49954	2.81E-02	3.35E-02	2.94E-02
P32588	1.28E-01	1.39E-01	1.53E-01
P53615	3.55E-02	3.26E-02	3.80E-02
Q02776	4.15E-02	2.66E-02	4.47E-02
P26754	8.71E-03	8.35E-03	1.07E-02
Q03835	5.62E-02	3.56E-02	7.97E-02
P32642	NaN	2.86E-03	NaN
Q07451	2.59E-02	2.36E-02	2.61E-02
Q07623	1.39E-02	2.31E-02	2.01E-02
Q04410	5.06E-02	2.43E-02	3.88E-02
Q99258	4.99E-02	3.02E-02	4.72E-02
P07280	5.14E-02	1.89E-02	2.44E-02
Q01163	1.22E-02	1.02E-02	1.34E-02
P38922	3.19E-02	4.43E-02	4.03E-02
P32469	1.57E-02	2.01E-02	1.86E-02
P38858	6.25E-02	5.58E-02	6.75E-02
Q12165	1.89E-02	2.86E-02	3.52E-02
P53011	2.35E-02	1.72E-02	3.60E-02
P38861	6.38E-02	6.74E-02	7.39E-02
Q05979	6.38E-02	6.69E-02	6.38E-02
P48362	4.94E-02	4.33E-02	7.15E-02
P53981	4.23E-02	5.74E-02	6.27E-02
P18562	4.25E-02	4.77E-02	4.38E-02
P36534	3.65E-02	3.58E-02	3.09E-02
P39101	9.69E-02	8.84E-02	9.24E-02
P40581	3.15E-02	3.47E-02	3.99E-02
P39939	1.91E-01	2.08E-01	2.30E-01
P38840	8.19E-02	7.78E-02	1.11E-01
P40159	1.71E-02	2.16E-02	2.52E-02
P53879	5.12E-02	6.19E-02	4.31E-02
P21560	3.15E-02	3.16E-02	3.38E-02
Q12522	1.12E-01	1.01E-01	9.37E-02
P13517	3.59E-02	4.40E-02	3.46E-02
P38145	6.50E-02	7.39E-02	7.10E-02
P39990	5.21E-02	6.54E-02	6.64E-02
P47035	1.09E-01	1.36E-01	1.24E-01
Q12496	1.24E-01	1.04E-01	1.21E-01
Q06523	2.66E-02	1.30E-02	2.80E-02
P38221	3.46E-01	3.07E-01	2.80E-01
Q07657	7.33E-02	5.78E-02	6.70E-02
Q05785	4.53E-03	5.25E-03	8.47E-03
Q12518	3.30E-02	3.97E-02	3.73E-02
P28707	9.95E-02	8.28E-02	9.03E-02
P35189	3.76E-02	3.43E-02	2.13E-02
Q12443	4.88E-02	6.88E-02	5.46E-02
P32337	3.00E-01	2.86E-01	2.49E-01
P36136	7.38E-03	1.42E-02	2.23E-02
P38235	2.04E-02	2.23E-02	2.78E-02
P28007	4.21E-02	2.79E-02	3.20E-02
P32496	2.98E-02	9.29E-02	3.77E-02
P87262	2.97E-01	2.65E-01	2.99E-01
P40483	3.15E-02	3.38E-02	4.61E-02
P32495	1.80E-01	2.21E-01	2.28E-01
P36035	3.62E-02	4.72E-02	5.07E-02
P53095	6.46E-02	5.84E-02	6.07E-02
P28495	5.83E-02	6.02E-02	6.57E-02
P50101	3.92E-02	7.35E-02	6.13E-02
P33767	5.73E-02	5.14E-02	5.58E-02
P31382	2.81E-02	2.33E-02	2.73E-02
P32353	1.57E-01	1.27E-01	1.46E-01
P00424	2.52E-02	3.12E-02	3.09E-02
P32352	1.02E-01	6.90E-02	9.66E-02
Q03973	3.55E-02	3.25E-02	1.88E-02
P22696	3.26E-02	3.01E-02	3.03E-02
Q06287	8.84E-03	1.14E-02	1.58E-02
P20424	2.75E-03	NaN	5.39E-03
P53316	4.64E-02	4.46E-02	4.55E-02
Q04660	6.75E-03	1.05E-02	2.60E-02
Q07500	2.88E-02	2.65E-02	7.95E-02
Q04935	3.37E-02	3.54E-02	4.61E-02
P38628	5.42E-02	4.01E-02	5.06E-02
P39726	6.09E-02	5.81E-02	7.05E-02
P02309	1.28E-02	1.98E-02	1.66E-02
P45978	2.67E-02	2.28E-02	3.05E-02
P54000	NaN	NaN	5.59E-03
P38787	2.19E-02	2.24E-02	3.07E-02
Q12466	1.63E-02	6.96E-03	2.50E-02
P07285	4.13E-02	4.55E-02	5.25E-02
P38879	3.84E-02	4.49E-02	4.23E-02
Q12408	7.72E-02	7.91E-02	8.54E-02
P32897	4.65E-02	4.04E-02	4.49E-02
P36037	3.31E-02	4.30E-02	4.24E-02
Q08193	1.72E-01	1.68E-01	1.68E-01
P46969	4.39E-02	1.96E-02	8.57E-02
Q00362	1.17E-01	1.12E-01	1.08E-01
P32790	1.92E-01	2.06E-01	2.02E-01
P47160	1.03E-02	1.50E-02	2.07E-02
P48510	2.47E-02	2.44E-02	3.46E-02
Q05567	8.92E-02	8.33E-02	9.51E-02
Q04175	4.52E-02	2.95E-02	4.18E-02
P53721	1.04E-02	1.12E-02	1.13E-02
P11914	5.15E-02	5.55E-02	4.84E-02
Q08745	1.15E-01	9.36E-02	1.12E-01
P10662	8.41E-03	6.83E-03	7.27E-03
P38828	6.12E-03	8.93E-03	9.72E-03
P34160	2.81E-02	1.66E-02	3.17E-02
P32445	5.79E-02	5.46E-02	5.63E-02
P41920	7.44E-02	6.79E-02	6.24E-02
P40462	2.94E-02	7.83E-02	9.64E-02
Q08235	3.18E-02	4.06E-02	3.76E-02
P23615	1.25E-01	1.05E-01	1.11E-01
P39105	3.20E-02	NaN	3.24E-02
P53044	1.47E-01	1.29E-01	1.21E-01
P43590	1.72E-02	2.28E-02	2.57E-02
P81449	1.93E-02	1.61E-02	1.58E-02
P38765	2.29E-02	2.70E-02	2.69E-02
Q08225	2.71E-02	2.58E-02	2.85E-02
P25043	0.060126036	6.02E-02	5.23E-02
P53292	2.21E-02	3.26E-02	4.83E-02
P32264	1.09E-02	1.16E-02	1.18E-02
P47127	8.53E-03	7.55E-03	8.00E-03
Q05029	8.29E-02	5.98E-02	7.33E-02
P38325	1.20E-02	1.72E-02	1.77E-02
Q08926	4.31E-02	4.79E-02	4.83E-02
P12687	6.44E-02	6.83E-02	6.53E-02
P40477	2.51E-02	2.45E-02	3.75E-02
Q12233	5.43E-02	6.76E-02	6.22E-02
Q08220	9.27E-02	7.37E-02	9.94E-02
P49435	1.38E-01	1.34E-01	1.35E-01
P25343	3.84E-02	4.20E-02	3.84E-02
P49017	NaN	NaN	8.60E-03
Q99257	5.98E-03	NaN	2.37E-02
Q06338	6.40E-02	4.57E-02	7.02E-02
P00431	1.76E-02	1.10E-02	1.10E-02
P40185	4.68E-02	4.18E-02	4.61E-02
P21827	1.15E-02	1.24E-02	8.16E-03
P50945	NaN	NaN	8.84E-03
P54781	2.71E-02	1.62E-02	2.64E-02
P03962	8.60E-03	1.35E-02	1.61E-02
P40030	2.81E-02	2.83E-02	3.43E-02
P33421	3.80E-02	2.91E-02	3.86E-02
P19073	2.03E-02	2.45E-02	3.56E-02
P15496	3.94E-02	5.17E-02	4.34E-02
P14743	1.10E-02	3.33E-03	NaN
P40037	2.38E-01	2.25E-02	4.46E-02
P11491	NaN	4.61E-03	2.70E-03
P19881	2.93E-02	2.07E-02	1.61E-02
P20434	6.92E-03	6.72E-03	8.00E-03
P32505	1.03E-02	2.08E-02	1.80E-02
Q06405	3.59E-02	3.72E-02	4.15E-02
P40582	5.68E-02	3.48E-02	6.00E-02
P40098	4.99E-03	9.36E-03	9.42E-03
P47044	5.29E-02	1.39E-02	1.86E-02
P49687	5.90E-02	5.52E-02	5.29E-02
Q06685	4.42E-02	5.70E-02	6.01E-02
P40040	2.24E-02	NaN	1.63E-02
P53315	6.69E-02	8.25E-02	7.34E-02
P33755	3.53E-03	2.97E-03	9.80E-03
P05375	4.65E-03	1.31E-03	4.38E-03
Q12532	3.67E-03	3.64E-03	8.13E-03
P14747	1.93E-02	2.36E-02	1.63E-02
Q04432	1.25E-02	1.37E-02	1.51E-02
P10507	5.41E-02	4.59E-02	4.77E-02
P38169	6.24E-02	6.97E-02	6.08E-02
P40087	1.78E-02	1.36E-02	1.45E-02
P50109	5.05E-02	6.18E-02	5.80E-02
P38234	7.77E-03	9.58E-03	9.24E-03
P43558	2.96E-02	3.15E-02	3.17E-02
P32902	6.49E-03	1.38E-02	2.49E-02
P16451	NaN	NaN	NaN
P38809	1.64E-02	1.79E-02	4.39E-02
Q03640	1.27E-02	6.54E-03	2.26E-02
Q05584	4.23E-02	4.20E-02	3.98E-02
P40485	9.83E-02	1.09E-01	1.17E-01
P35719	NaN	1.60E-02	NaN
Q07825	6.27E-02	4.58E-02	5.98E-02
P40202	NaN	NaN	4.86E-03
Q01855	4.13E-02	2.10E-02	3.04E-02
P19524	2.42E-02	2.26E-02	3.90E-02
P47154	6.28E-02	4.57E-02	6.65E-02
P11938	5.52E-02	4.21E-02	5.07E-02
P34231	1.37E-01	9.64E-02	1.18E-01
P33317	1.05E-02	9.20E-03	1.19E-02
P11075	9.67E-02	9.03E-02	1.49E-01
P07273	5.44E-03	8.68E-03	9.02E-03
P06782	1.97E-02	1.43E-02	2.83E-02
P14164	9.65E-03	3.34E-02	2.22E-02
P61830	1.63E-01	1.08E-01	1.32E-01
P35723	8.66E-02	9.03E-02	9.15E-02
Q2V2P9	2.06E-02	2.58E-02	1.77E-02
P36147	4.96E-03	5.58E-03	1.28E-02
Q07589	1.58E-02	1.27E-02	1.36E-02
P37298	2.11E-02	2.39E-02	2.25E-02
P36016	5.84E-02	5.63E-02	6.11E-02
P32915	5.26E-02	3.41E-02	4.31E-02
P23595	1.97E-02	1.99E-02	2.00E-02
P38986	4.88E-02	3.68E-02	4.47E-02
P89886	2.47E-02	3.20E-02	3.22E-02
Q12525	2.07E-02	1.76E-02	1.33E-02
P25037	9.74E-02	8.24E-02	8.54E-02
P37303	1.76E-02	1.66E-02	1.88E-02
P25045	2.30E-02	1.08E-02	2.34E-02
P09032	NaN	NaN	2.80E-03
P36519	3.48E-02	3.44E-02	3.54E-02
P25369	7.54E-03	1.08E-02	2.07E-02
P32342	4.99E-02	6.65E-02	6.58E-02
P43555	3.84E-02	3.76E-02	4.12E-02
Q12515	2.90E-02	3.16E-02	4.40E-02
P40580	2.88E-02	3.11E-02	2.74E-02
P17891	2.44E-02	1.94E-02	2.84E-02
Q12452	4.57E-02	3.47E-02	3.71E-02
P38716	4.22E-02	3.72E-02	3.78E-02
P06102	3.63E-02	3.76E-02	2.90E-02
P38929	7.75E-02	8.78E-02	7.28E-02
P80428	9.65E-02	1.10E-01	8.72E-02
P28273	1.20E-02	1.16E-02	1.98E-02
P47119	4.26E-02	1.94E-02	3.60E-02
P53221	3.74E-02	5.45E-02	2.72E-02
P25340	8.91E-02	7.23E-02	8.29E-02
P20435	1.90E-02	1.30E-02	2.04E-02
P38820	2.86E-02	3.00E-02	3.34E-02
P33333	1.53E-02	1.36E-02	1.40E-02
P23202	6.24E-02	4.75E-02	6.24E-02
Q06679	2.60E-01	2.68E-01	2.45E-01
Q07381	3.27E-03	4.53E-03	2.64E-02
O13547	1.31E-02	7.63E-03	8.66E-03
P28625	1.87E-02	1.98E-02	2.33E-02
P22213	2.33E-02	4.56E-02	2.82E-02
Q03629	NaN	2.54E-03	1.66E-02
P51402	1.45E-02	1.27E-02	2.62E-02
P36516	1.70E-01	1.81E-01	1.75E-01
P32916	3.58E-02	3.63E-02	5.02E-02
P21147	5.74E-03	4.50E-03	2.74E-03
P38217	4.43E-02	3.92E-02	3.73E-02
P28321	1.95E-02	1.91E-02	1.80E-02
P43609	1.96E-02	3.44E-02	3.61E-02
P53889	1.47E-02	1.10E-02	1.61E-02
Q01477	2.35E-02	1.49E-02	2.15E-02
P39721	3.28E-02	2.17E-02	2.82E-02
Q12298	8.75E-02	9.91E-02	9.91E-02
P53617	4.57E-03	5.33E-03	1.31E-02
Q08601	1.38E-02	1.32E-02	1.49E-02
P32904	1.22E-02	5.21E-03	9.96E-03
P53206	6.93E-02	6.29E-02	7.06E-02
Q06697	1.13E-02	1.05E-02	1.25E-02
P00546	1.28E-02	1.56E-02	9.26E-03
P17157	2.19E-03	NaN	NaN
Q12000	3.18E-02	1.96E-02	2.43E-02
P32477	2.25E-02	9.70E-03	2.03E-02
P41895	NaN	NaN	1.68E-02
P32643	2.40E-02	2.58E-02	2.26E-02
P47122	1.74E-02	1.59E-02	1.59E-02
Q12451	8.85E-03	1.90E-02	2.36E-02
Q12211	3.40E-02	4.11E-02	3.01E-02
P40032	3.35E-02	1.55E-02	3.69E-02
P54837	1.42E-02	1.11E-02	1.65E-02
Q12028	1.02E-02	1.22E-02	1.51E-02
Q12018	7.15E-03	8.76E-03	1.63E-02
P53220	5.52E-03	5.44E-03	6.18E-03
Q99297	2.74E-02	2.13E-02	2.82E-02
Q02875	1.21E-01	8.39E-02	1.15E-01
P42846	1.56E-02	2.30E-02	3.82E-02
Q96VH5	1.97E-02	2.27E-02	2.36E-02
P38758	4.25E-03	4.26E-03	2.32E-02
Q01080	3.37E-02	4.00E-02	6.48E-02
P28272	8.67E-03	9.54E-03	6.26E-02
P40563	7.55E-03	1.08E-02	2.41E-02
Q12024	4.29E-02	4.57E-02	4.89E-02
P54003	1.39E-02	9.27E-03	1.70E-02
P38174	9.79E-03	2.88E-02	2.44E-02
P50861	2.02E-02	2.51E-02	3.06E-02
P27466	4.93E-02	4.96E-02	4.72E-02
P21538	NaN	5.03E-03	1.67E-02
P37370	2.70E-02	5.12E-02	5.06E-02
P15565	6.73E-03	7.75E-03	1.29E-02
Q05812	9.26E-03	9.34E-03	2.66E-02
P38688	8.90E-02	6.91E-02	1.04E-01
P38779	4.64E-02	4.81E-02	4.51E-02
P53914	2.21E-02	1.68E-02	2.72E-02
P08456	8.59E-03	6.13E-03	5.51E-03
P32502	2.37E-02	6.30E-03	2.66E-02
Q06336	2.56E-02	2.80E-02	2.70E-02
Q07651	1.09E-01	9.25E-02	1.09E-01
Q03430	2.48E-02	2.72E-02	3.94E-02
P53925	1.19E-02	1.65E-02	1.55E-02
P40319	6.67E-03	NaN	6.75E-03
P38197	1.88E-02	2.24E-02	2.52E-02
P39107	1.18E-01	1.42E-01	8.78E-02
Q01976	2.20E-02	1.70E-02	2.36E-02
P38732	2.76E-03	NaN	3.25E-03
P47089	3.96E-03	7.15E-03	9.83E-03
P07255	2.42E-02	3.27E-02	3.37E-02
Q12514	5.76E-03	NaN	NaN
P32566	6.56E-02	7.02E-02	7.13E-02
P40043	1.59E-02	2.07E-02	1.65E-02
P00812	3.57E-02	2.32E-02	3.60E-02
Q04792	3.48E-03	4.03E-03	2.28E-02
P30657	NaN	5.92E-03	9.92E-03
P30771	1.66E-02	8.40E-03	2.25E-02
P32331	2.74E-02	2.52E-02	3.94E-02
Q04599	2.36E-02	1.75E-02	2.50E-02
P32501	9.58E-02	9.90E-02	1.03E-01
Q86ZR7	1.68E-02	1.62E-02	1.75E-02
Q04430	6.79E-03	3.55E-03	8.75E-03
P23833	4.15E-03	9.22E-03	2.00E-02
P29478	NaN	NaN	2.25E-03
Q03655	NaN	NaN	3.52E-03
P47818	1.34E-02	9.08E-03	1.86E-02
Q02933	1.48E-02	2.31E-02	2.32E-02
Q02785	4.00E-02	4.74E-02	4.35E-02
P38323	7.65E-02	7.36E-02	8.29E-02
P06633	7.72E-03	1.28E-02	3.15E-02
P53311	3.47E-03	NaN	1.00E-02
P32939	1.66E-02	3.71E-02	3.64E-02
P40086	9.40E-03	6.72E-03	1.30E-02
P40188	4.19E-02	5.75E-02	4.27E-02
Q12405	8.57E-02	1.08E-01	1.32E-01
P06245	5.22E-02	6.06E-02	5.31E-02
P06244	3.17E-02	2.35E-02	2.56E-02
P36101	2.95E-02	2.60E-02	3.27E-02
P33204	NaN	6.49E-03	2.45E-03
P40970	4.26E-03	NaN	8.14E-03
P40509	1.02E-02	1.54E-02	2.08E-02
P38439	1.49E-03	2.11E-03	4.58E-03
P36150	6.28E-03	5.77E-03	1.11E-02
P38777	NaN	NaN	NaN
Q99369	3.32E-02	2.55E-02	2.75E-02
Q00816	NaN	NaN	1.03E-02
P20051	5.72E-02	2.60E-02	5.60E-02
P40341	NaN	NaN	3.19E-03
P39925	1.15E-02	1.01E-02	1.17E-02
P46151	4.72E-02	3.65E-02	5.10E-02
P46669	1.64E-02	1.51E-02	1.60E-02
P53200	7.77E-02	1.04E-01	7.23E-02
P42842	2.46E-02	1.90E-02	2.87E-02
P53551	2.62E-02	3.50E-02	3.39E-02
P06785	5.89E-03	4.84E-03	4.03E-03
Q99288	5.21E-03	3.23E-02	1.02E-02
P38254	3.17E-02	1.55E-02	3.20E-02
Q06706	5.45E-03	7.68E-03	3.76E-03
P54730	5.54E-02	4.98E-02	6.06E-02
P20049	8.81E-03	NaN	1.51E-02
Q12746	4.45E-03	3.43E-03	1.20E-02
Q05778	5.37E-03	7.37E-03	1.62E-02
Q03798	1.35E-02	1.12E-02	9.45E-03
Q08438	1.86E-02	2.04E-02	3.21E-02
P09201	1.91E-02	1.97E-02	2.18E-02
P48527	4.27E-02	4.82E-02	5.51E-02
Q03713	6.43E-03	5.76E-03	6.69E-03
P53045	1.25E-02	4.89E-03	1.23E-02
P20436	NaN	7.05E-03	7.36E-03
P53164	NaN	NaN	1.51E-02
P12686	1.49E-02	2.71E-02	2.74E-02
P53145	1.02E-03	1.30E-03	NaN
P43585	NaN	6.59E-03	5.20E-03
Q02630	2.01E-02	2.49E-02	2.69E-02
P53261	6.23E-02	4.90E-02	4.90E-02
Q04767	6.30E-03	4.73E-03	6.47E-03
P32892	7.66E-02	9.08E-02	8.74E-02
P40561	2.19E-02	1.90E-02	2.20E-02
P27810	1.36E-02	1.30E-02	1.16E-02
P39744	3.63E-02	4.22E-02	5.12E-02
Q3E7X9	5.35E-02	6.89E-02	6.47E-02
Q12044	NaN	NaN	5.79E-03
Q05788	3.48E-02	2.26E-02	3.81E-02
P12754	1.47E-02	5.29E-03	5.36E-02
Q12289	2.60E-02	3.07E-02	2.42E-02
P04161	3.74E-03	3.70E-03	9.23E-03
Q12176	2.85E-02	2.93E-02	1.18E-02
P38166	3.37E-02	4.05E-02	5.95E-02
P32472	5.45E-03	7.13E-03	9.98E-03
P46989	9.06E-03	7.64E-03	1.21E-02
P32875	NaN	NaN	4.13E-03
P25555	4.12E-03	3.40E-03	5.46E-03
P32564	2.23E-02	1.28E-02	2.01E-02
Q3E756	9.10E-03	NaN	6.88E-03
Q06385	1.65E-01	1.89E-01	1.55E-01
P53140	7.68E-03	8.13E-03	9.18E-03
P32611	3.60E-02	3.36E-02	2.11E-02
P53927	1.31E-02	1.74E-02	1.89E-02
Q05948	8.87E-03	NaN	1.02E-02
P25574	5.70E-02	6.90E-02	8.00E-02
P38286	NaN	NaN	7.70E-03
P13586	2.52E-02	2.95E-02	2.31E-02
P38333	7.11E-03	1.53E-02	1.26E-02
P15731	NaN	NaN	NaN
P15732	NaN	NaN	5.62E-03
P47045	9.54E-03	NaN	6.45E-03
P40160	2.65E-02	2.98E-03	2.29E-02
P47116	NaN	NaN	2.26E-03
P16622	5.22E-02	5.40E-02	4.99E-02
P53301	1.99E-02	1.80E-02	2.04E-02
Q06493	6.68E-02	6.99E-02	6.26E-02
P05745	3.30E-02	1.39E-02	2.14E-02
P40312	8.19E-02	8.54E-02	9.31E-02
P47008	4.16E-02	4.26E-02	4.57E-02
P36521	1.48E-01	1.78E-01	1.52E-01
P40553	1.84E-02	1.15E-02	1.28E-02
O13563	5.85E-03	3.65E-03	4.19E-03
P40452	7.89E-03	9.19E-03	1.20E-02
Q03705	NaN	NaN	5.95E-03
Q06178	NaN	NaN	1.35E-03
P53204	NaN	NaN	NaN
P24521	1.17E-02	3.07E-03	7.57E-03
P20604	9.10E-03	8.71E-03	5.15E-03
P42941	2.47E-02	1.78E-02	2.87E-02
Q03088	4.23E-03	NaN	1.17E-02
P38623	4.46E-03	3.76E-03	9.05E-03
P43569	0.00635328	6.35E-03	8.11E-03
P43639	4.48E-03	7.32E-03	5.68E-03
O13297	6.80E-02	4.73E-02	5.83E-02
P53332	5.69E-03	5.76E-03	7.82E-03
P32629	NaN	NaN	1.62E-02
P43619	5.02E-02	5.40E-02	5.11E-02
Q05931	4.26E-03	3.64E-03	2.28E-02
Q06053	NaN	NaN	4.50E-03
P53868	5.14E-03	NaN	9.25E-03
P32621	NaN	NaN	4.04E-03
P35179	7.42E-02	3.51E-02	7.41E-02
P38875	NaN	2.57E-02	2.67E-02
P07258	3.15E-02	1.73E-02	1.37E-02
P36160	3.27E-02	1.84E-02	1.51E-02
Q04305	7.56E-03	NaN	2.73E-03
P27929	NaN	5.75E-03	6.88E-03
P25626	2.15E-02	2.44E-02	2.75E-02
P30619	2.63E-02	3.16E-02	3.56E-02
P48439	NaN	1.75E-02	2.46E-02
Q02642	8.31E-03	NaN	NaN
P25367	8.77E-03	1.70E-02	1.77E-02
P32387	3.52E-03	3.45E-03	4.40E-03
P38985	7.57E-03	1.56E-02	1.04E-02
P40515	NaN	NaN	1.90E-03
P38349	1.87E-02	1.74E-02	3.29E-02
P32486	NaN	NaN	6.81E-03
P38804	6.46E-03	1.20E-02	8.56E-03
Q12008	NaN	NaN	NaN
P89105	NaN	7.48E-03	2.14E-02
P42942	1.85E-02	3.85E-03	1.66E-02
Q05123	2.29E-02	2.23E-02	1.94E-02
P38910	1.00E-02	NaN	9.85E-04
P46985	2.72E-02	3.32E-02	3.08E-02
P53008	8.73E-03	7.20E-03	7.88E-03
Q06678	1.48E-02	1.19E-02	1.53E-02
P00127	NaN	NaN	5.75E-03
P40517	6.09E-03	7.68E-03	1.23E-02
P22579	2.22E-02	2.10E-02	2.38E-02
Q06630	5.03E-03	1.27E-02	3.28E-03
P42826	4.49E-02	2.64E-02	4.24E-02
Q08645	1.01E-01	6.03E-02	8.70E-02
Q12125	1.15E-02	1.10E-02	9.25E-03
P32386	NaN	1.26E-02	8.04E-03
P38874	5.85E-02	2.48E-02	2.00E-02
P36059	1.33E-02	9.49E-03	1.31E-02
P53600	NaN	7.59E-03	4.45E-03
P47031	NaN	NaN	3.15E-03
P47125	NaN	NaN	NaN
Q02629	5.12E-03	NaN	1.07E-02
Q12164	2.76E-02	2.61E-02	6.89E-02
P53881	NaN	NaN	2.41E-03
Q12402	1.79E-01	1.84E-01	1.86E-01
P53550	9.44E-02	9.78E-02	7.77E-02
Q03148	2.55E-02	1.60E-02	1.74E-02
P53337	1.60E-02	1.66E-02	2.28E-02
Q04373	3.82E-02	2.31E-02	5.05E-02
P52490	2.03E-01	2.03E-01	1.78E-01
Q99385	NaN	NaN	NaN
A5Z2X5	3.37E-02	5.69E-02	3.24E-02
P08466	1.64E-02	1.07E-02	1.07E-02
P46965	NaN	NaN	2.15E-03
P32447	6.83E-03	4.74E-03	4.74E-03
P37254	7.32E-03	6.84E-03	8.62E-03
Q12251	NaN	1.72E-03	3.59E-03
P33307	6.33E-03	NaN	5.96E-03
P53130	1.48E-03	2.12E-03	5.92E-03
P40073	9.13E-03	NaN	1.06E-02
P46971	NaN	4.90E-03	5.74E-03
P40433	3.99E-03	3.27E-03	2.68E-02
P38736	2.01E-02	2.72E-02	3.00E-02
P43586	3.63E-02	2.97E-02	3.21E-02
P38167	6.95E-02	1.08E-01	1.32E-01
P50087	3.98E-03	5.52E-03	5.44E-03
P53131	2.72E-02	2.56E-02	2.53E-02
Q08202	9.21E-03	NaN	2.71E-03
P25655	1.95E-01	1.94E-01	1.74E-01
P32451	2.86E-02	1.60E-02	1.94E-02
P26755	4.31E-03	3.07E-03	1.60E-03
P19955	7.16E-03	NaN	3.48E-03
P18962	2.04E-02	1.96E-03	2.13E-02
P12904	3.02E-02	2.94E-02	2.34E-02
P08539	2.08E-02	2.07E-02	2.17E-02
P46956	2.98E-03	2.12E-03	1.95E-03
P39685	5.78E-02	6.46E-02	6.73E-02
P41543	NaN	NaN	5.24E-03
Q99190	NaN	NaN	6.25E-03
Q03761	1.25E-02	1.15E-02	1.70E-02
P33759	5.65E-02	1.92E-01	4.67E-02
Q04279	2.41E-02	3.18E-02	2.86E-02
Q06252	4.67E-03	5.60E-03	5.07E-03
P08465	1.41E-02	8.96E-03	2.22E-02
P25573	NaN	NaN	NaN
P32610	4.17E-02	4.32E-02	3.80E-02
P43535	2.22E-02	1.81E-02	2.29E-02
P39705	7.08E-03	NaN	5.07E-03
P04911	2.56E-02	8.07E-03	1.05E-02
Q12692	4.78E-02	3.19E-02	4.30E-02
P43612	4.42E-02	3.68E-02	3.27E-02
P28319	1.47E-02	4.00E-03	1.93E-02
Q12359	7.42E-02	5.74E-02	7.06E-02
P22517	2.54E-02	3.65E-02	3.36E-02
Q92331	NaN	NaN	8.64E-03
P41814	5.87E-03	4.59E-03	5.82E-03
P53946	NaN	4.86E-03	5.39E-03
P47047	NaN	NaN	8.85E-03
P54860	3.42E-02	4.19E-02	3.91E-02
P46964	5.00E-03	NaN	NaN
Q07938	6.47E-03	6.06E-03	5.45E-03
P38759	5.27E-03	4.25E-03	5.58E-03
P38885	NaN	NaN	NaN
P37299	1.21E-02	1.07E-02	1.19E-02
Q03976	8.97E-03	1.31E-02	1.24E-02
Q03579	4.70E-02	2.19E-02	4.49E-02
P25348	3.32E-01	3.32E-01	3.54E-01
Q06143	6.83E-03	4.85E-03	5.74E-03
P40523	1.99E-02	NaN	1.68E-02
Q02959	6.74E-02	8.71E-02	5.55E-02
Q03769	8.57E-03	1.31E-02	2.53E-02
Q01159	4.20E-02	1.60E-02	7.02E-03
Q99316	NaN	NaN	NaN
Q12012	1.65E-02	1.75E-02	1.33E-02
Q06010	6.75E-03	1.41E-02	1.12E-02
Q08647	NaN	NaN	NaN
P32802	3.54E-02	3.01E-02	3.11E-02
P38144	4.12E-02	7.54E-02	4.42E-02
P36088	4.42E-03	NaN	6.51E-03
P32266	7.49E-03	NaN	NaN
P38822	NaN	NaN	2.20E-03
Q08285	NaN	NaN	NaN
P47123	NaN	NaN	NaN
Q06089	NaN	6.15E-03	NaN
P29029	2.71E-02	NaN	5.87E-03
P40533	8.02E-03	8.29E-03	1.41E-02
Q12743	7.21E-03	6.41E-03	4.54E-03
Q12009	4.07E-02	4.41E-02	5.01E-02
P25372	5.41E-03	6.02E-03	1.27E-02
Q12389	1.94E-02	1.95E-02	2.03E-02
Q12754	4.10E-02	4.26E-02	5.07E-02
Q08096	3.37E-02	3.68E-02	4.58E-02
P39998	4.86E-03	NaN	5.67E-03
Q06137	1.26E-02	1.31E-02	1.90E-02
P53224	1.09E-02	2.29E-02	3.16E-02
P40564	4.29E-02	8.74E-02	6.61E-02
P52286	6.90E-03	2.41E-03	NaN
P20107	NaN	NaN	NaN
P35845	9.35E-03	NaN	1.34E-02
P25303	NaN	NaN	NaN
P31384	3.75E-02	4.46E-02	3.36E-02
P53875	NaN	NaN	NaN
P32453	8.70E-03	6.38E-03	6.67E-03
Q06168	6.15E-03	NaN	4.88E-03
Q07914	NaN	NaN	4.96E-03
P38604	NaN	NaN	5.31E-03
P35184	NaN	NaN	4.29E-03
P53100	NaN	3.47E-03	NaN
P10962	2.70E-02	2.89E-02	2.51E-02
Q12341	2.40E-02	3.04E-02	1.23E-02
Q06705	1.66E-02	1.82E-02	2.50E-02
P38120	NaN	3.12E-03	3.09E-03
P38109	7.67E-03	1.03E-02	1.29E-02
P48016	NaN	NaN	NaN
P47001	1.25E-01	9.18E-02	8.99E-02
P47148	1.35E-01	1.61E-01	1.37E-01
Q07915	7.38E-03	NaN	7.86E-03
Q12034	5.45E-03	5.05E-03	1.05E-02
P53860	1.86E-02	1.40E-02	2.30E-02
P38853	1.73E-02	2.11E-02	1.72E-02
Q02908	6.87E-02	5.65E-02	6.56E-02
P33309	NaN	NaN	2.04E-03
Q04304	NaN	2.17E-03	5.25E-03
Q08446	2.36E-02	2.59E-02	2.62E-02
P36517	NaN	NaN	NaN
Q03103	1.16E-02	2.06E-02	1.63E-02
P50946	NaN	NaN	2.70E-03
P38792	NaN	3.87E-03	4.69E-03
P39994	1.45E-02	1.03E-02	1.75E-02
P36051	6.28E-02	4.22E-02	4.09E-02
Q08162	NaN	NaN	NaN
P38768	3.03E-03	NaN	NaN
P39965	1.05E-02	6.72E-03	1.09E-02
P21182	NaN	NaN	NaN
P38629	5.73E-04	5.23E-04	4.74E-04
P32461	2.27E-02	2.00E-02	1.94E-02
P40169	3.61E-03	NaN	2.92E-03
Q03559	5.19E-02	3.44E-02	1.85E-02
P25586	NaN	NaN	2.36E-03
P32604	2.14E-02	1.69E-02	1.60E-02
P47075	6.41E-03	NaN	NaN
P34164	4.30E-02	5.66E-02	5.94E-02
P40348	8.31E-03	1.62E-02	1.46E-02
P36081	3.78E-03	NaN	4.32E-03
P38069	1.97E-02	2.16E-02	2.77E-02
P07347	3.09E-02	3.23E-02	2.71E-02
P35817	NaN	1.13E-02	2.13E-02
P32597	8.07E-02	7.23E-02	5.17E-02
P32319	6.24E-02	6.36E-02	6.19E-02
P53064	6.26E-02	5.99E-02	6.49E-02
Q05543	NaN	NaN	4.93E-03
Q3E776	NaN	NaN	2.29E-03
Q12314	3.46E-03	5.30E-03	3.66E-03
P38281	2.11E-02	2.02E-02	1.96E-02
P43556	NaN	NaN	5.92E-03
Q08421	NaN	NaN	NaN
Q04969	NaN	NaN	2.29E-03
P40548	2.09E-03	NaN	1.98E-03
P25040	NaN	5.38E-03	7.18E-03
Q12355	8.38E-03	7.78E-03	9.16E-03
P38882	2.47E-03	NaN	2.24E-03
P32317	6.47E-03	NaN	3.13E-03
P39993	NaN	NaN	NaN
Q08223	8.94E-03	1.19E-02	8.99E-03
P40066	9.56E-03	1.05E-02	1.24E-02
P39103	NaN	1.08E-03	NaN
Q03246	NaN	NaN	NaN
P47006	2.13E-02	1.91E-02	2.28E-02
P35996	4.61E-02	4.16E-02	3.79E-02
P38074	1.52E-02	1.91E-02	1.79E-02
Q02793	1.28E-01	1.25E-01	1.24E-01
Q08962	NaN	1.95E-02	6.48E-03
P40343	8.59E-03	7.03E-03	8.45E-03
P53741	NaN	NaN	NaN
Q02199	NaN	6.68E-03	6.29E-03
Q05933	9.40E-03	5.56E-01	1.03E-02
Q06146	2.28E-02	1.57E-02	1.76E-02
P40956	NaN	7.86E-03	1.75E-02
P53883	NaN	NaN	NaN
P53256	2.01E-02	2.98E-02	2.56E-02
P35178	NaN	NaN	4.95E-03
P39984	4.22E-03	4.10E-03	3.70E-03
P25371	NaN	NaN	NaN
P48445	NaN	NaN	4.07E-02
P14741	2.32E-02	2.59E-02	2.69E-02
Q07807	8.02E-02	5.44E-02	7.14E-02
P43561	1.14E-02	1.26E-02	1.69E-02
P38737	NaN	NaN	NaN
Q12406	NaN	NaN	1.95E-03
P53152	NaN	NaN	1.77E-03
P32911	NaN	NaN	NaN
P47133	NaN	NaN	4.47E-03
P21375	NaN	NaN	NaN
Q04080	NaN	NaN	NaN
Q06078	NaN	NaN	8.58E-03
P38930	1.21E-02	2.23E-02	1.02E-02
P16370	2.25E-01	2.55E-01	2.60E-01
P39969	NaN	NaN	1.76E-02
P34909	3.58E-02	2.30E-02	2.17E-02
P40011	7.06E-03	5.96E-03	9.05E-03
P32583	3.50E-02	4.08E-02	4.14E-02
P38068	NaN	NaN	3.68E-03
Q05946	1.28E-02	2.59E-02	2.34E-02
Q12292	NaN	NaN	3.76E-03
P13259	2.91E-02	3.17E-03	4.61E-02
P38089	6.67E-03	1.36E-02	1.25E-02
Q12306	1.89E-02	1.81E-02	1.95E-02
Q04081	NaN	NaN	2.11E-03
Q12133	2.73E-02	2.95E-02	2.75E-02
Q05775	6.00E-02	2.71E-02	3.90E-02
Q12404	1.15E-02	1.03E-02	9.17E-03
P37293	2.58E-02	3.23E-02	3.05E-02
P22203	1.12E-02	3.23E-02	0.011064878
Q12374	2.64E-02	1.92E-02	2.31E-02
Q08920	6.47E-03	3.83E-03	4.61E-03
P32799	2.54E-03	3.03E-03	1.74E-03
Q99325	2.50E-02	3.03E-02	2.37E-02
P52891	NaN	NaN	NaN
Q03774	1.22E-02	1.98E-02	2.24E-02
Q12331	6.40E-03	6.03E-03	7.51E-03
P53326	9.58E-03	7.66E-03	9.66E-03
P35180	NaN	NaN	NaN
P47141	1.16E-02	8.98E-03	1.00E-02
O13585	NaN	NaN	NaN
P32860	7.44E-02	9.16E-02	8.20E-02
P40335	NaN	8.93E-03	NaN
Q05871	8.18E-03	1.11E-02	8.08E-03
Q02486	1.89E-02	1.49E-02	1.12E-02
P38116	3.41E-03	1.98E-03	2.57E-03
P30665	NaN	NaN	7.65E-03
P38153	NaN	2.41E-03	NaN
P38993	NaN	NaN	4.57E-02
Q03790	9.31E-03	NaN	1.01E-02
Q12242	1.52E-01	1.51E-01	1.41E-01
P40056	7.27E-02	8.60E-02	9.57E-02
P32347	NaN	NaN	NaN
P28789	NaN	NaN	NaN
P38884	NaN	5.18E-03	3.18E-03
P31334	1.45E-02	1.40E-02	2.88E-02
Q08558	2.96E-03	NaN	3.46E-03
P36000	NaN	NaN	NaN
P34222	NaN	NaN	3.07E-03
P39008	7.35E-02	8.10E-02	7.35E-02
P32329	4.42E-02	2.92E-02	4.42E-02
P10622	4.72E-03	8.72E-03	9.21E-03
Q06505	9.45E-03	7.93E-03	8.53E-03
Q08409	7.02E-02	1.13E-01	8.61E-02
P38833	NaN	NaN	2.57E-03
P25617	3.56E-03	3.59E-03	2.95E-03
P22214	1.49E-02	1.17E-02	1.55E-02
Q06485	4.53E-03	NaN	4.77E-03
Q12283	3.59E-03	3.37E-03	4.72E-03
P53072	1.04E-02	6.88E-03	7.92E-03
P06101	NaN	NaN	NaN
P53173	1.56E-02	1.35E-02	1.59E-02
P13856	NaN	NaN	NaN
P32474	NaN	NaN	1.37E-03
Q03771	4.47E-03	NaN	3.69E-03
Q08959	1.59E-02	2.04E-02	1.12E-02
P40090	4.20E-03	NaN	NaN
P32657	2.42E-01	1.97E-01	1.54E-01
P32591	2.31E-02	NaN	NaN
Q07362	NaN	NaN	2.21E-03
P32561	NaN	NaN	NaN
Q08969	NaN	NaN	4.30E-03
P40157	4.48E-02	8.63E-02	7.77E-02
P38789	NaN	1.21E-02	1.11E-02
P25359	NaN	NaN	4.08E-03
P42935	2.24E-01	2.66E-01	2.81E-01
Q06449	NaN	NaN	2.64E-03
P37267	3.58E-03	4.49E-03	5.15E-03
P42936	4.26E-02	3.87E-02	3.87E-02
P40693	2.05E-02	NaN	2.41E-02
Q01519	NaN	NaN	2.08E-03
P53920	2.55E-02	2.25E-02	2.61E-02
Q02931	2.14E-02	2.40E-02	2.36E-02
P38797	NaN	5.18E-03	6.88E-03
Q03691	NaN	NaN	NaN
Q12412	NaN	NaN	NaN
P53877	NaN	1.07E-02	2.66E-02
P53254	3.58E-03	NaN	2.87E-03
Q05031	NaN	NaN	3.03E-03
P50108	4.10E-03	NaN	3.35E-03
P51601	1.27E-02	1.19E-02	1.19E-02
Q12025	5.58E-03	NaN	1.07E-03
P53629	7.05E-03	NaN	7.48E-03
P39525	1.74E-02	1.10E-02	2.00E-02
P38196	4.71E-03	7.19E-03	5.60E-03
Q03362	NaN	NaN	3.18E-03
P32783	2.85E-02	2.03E-02	2.17E-02
P39704	NaN	NaN	3.87E-03
Q06511	NaN	NaN	5.44E-03
P38203	NaN	2.24E-03	1.37E-03
P39932	NaN	NaN	NaN
P53040	3.12E-02	2.22E-02	2.25E-02
Q02457	1.16E-02	1.23E-02	1.50E-02
P36053	NaN	NaN	NaN
P30605	1.50E-02	1.92E-02	1.72E-02
Q03799	2.06E-02	1.92E-02	1.70E-02
Q05166	3.47E-02	1.68E-02	3.53E-02
Q03677	1.83E-02	1.93E-02	1.78E-02
Q06090	6.32E-03	NaN	2.06E-03
P53155	3.63E-02	3.41E-02	3.05E-02
P36036	4.16E-03	5.21E-03	1.20E-02
P32769	7.15E-02	5.45E-02	6.32E-02
P37263	NaN	4.81E-03	4.24E-03
P25618	6.89E-03	NaN	7.02E-03
P38288	NaN	NaN	6.24E-03
P46959	NaN	NaN	3.16E-03
P43591	NaN	NaN	NaN
P40347	NaN	4.28E-03	NaN
P39727	NaN	NaN	2.95E-03
Q12373	NaN	NaN	NaN
P05319	6.17E-02	5.91E-02	5.66E-02
P38615	7.27E-03	NaN	6.02E-03
P36040	4.89E-03	5.69E-03	4.55E-03
P52488	NaN	NaN	4.02E-03
P50086	2.53E-03	NaN	6.22E-03
P33331	8.34E-03	7.78E-03	6.55E-03
Q05518	1.28E-02	9.18E-03	8.47E-03
P53960	NaN	NaN	3.10E-03
P48360	3.27E-03	NaN	3.04E-03
Q08199	3.47E-03	2.56E-03	1.13E-02
P33753	NaN	NaN	NaN
P34761	NaN	NaN	3.93E-03
P38862	8.43E-02	1.33E-01	1.14E-01
Q06677	NaN	NaN	NaN
P40484	1.98E-03	NaN	1.58E-03
Q12082	4.18E-03	4.11E-03	4.23E-03
P45818	NaN	NaN	NaN
P25298	NaN	NaN	NaN
P38992	NaN	NaN	NaN
Q07648	NaN	NaN	NaN
P08018	1.96E-02	1.46E-02	1.41E-02
P40368	6.60E-03	9.28E-03	NaN
P40260	3.01E-02	3.08E-02	1.86E-02
P53157	NaN	NaN	3.49E-03
Q08986	NaN	NaN	NaN
Q99216	4.31E-02	4.97E-02	4.88E-02
Q12206	2.92E-02	2.63E-02	2.84E-02
Q8TGU7	NaN	NaN	3.63E-03
Q01454	8.26E-03	1.01E-02	1.55E-02
P25619	NaN	NaN	1.04E-02
P06197	2.25E-02	1.98E-02	2.25E-02
P34243	1.39E-02	1.80E-02	2.30E-02
P25382	2.62E-03	NaN	NaN
P18411	NaN	NaN	NaN
P39109	2.21E-02	3.17E-02	2.60E-02
P32459	2.46E-02	2.19E-02	3.28E-02
P23293	NaN	NaN	2.22E-03
P38690	NaN	NaN	NaN
P38352	8.18E-03	7.47E-03	7.90E-03
P34217	7.60E-03	1.16E-02	3.61E-02
P48240	2.51E-02	1.81E-02	1.96E-02
Q12328	2.56E-01	2.54E-01	2.41E-01
P32831	6.90E-03	9.23E-03	1.07E-02
P42847	NaN	NaN	2.48E-03
P39104	7.05E-03	8.32E-03	8.33E-03
P46992	NaN	NaN	NaN
P11792	2.14E-02	1.73E-02	1.51E-02
P40459	3.17E-02	2.26E-02	2.53E-02
P39543	NaN	NaN	3.11E-03
P52918	4.63E-01	4.05E-01	3.98E-01
P48582	NaN	NaN	2.56E-03
Q06839	5.23E-03	1.58E-02	8.04E-03
P15790	7.28E-02	7.10E-02	4.78E-02
P38127	NaN	NaN	3.28E-03
Q12453	6.60E-02	5.15E-02	5.87E-02
P40557	1.23E-02	1.40E-02	1.41E-02
P49167	NaN	NaN	1.46E-03
Q03280	3.82E-02	3.38E-02	2.28E-02
P38892	9.32E-02	8.01E-02	7.03E-02
Q03124	NaN	NaN	NaN
P38883	5.94E-03	NaN	3.52E-03
P13130	8.25E-03	9.10E-03	1.10E-02
P32900	5.81E-03	4.09E-03	3.26E-03
P53898	NaN	5.35E-03	NaN
P39742	3.26E-02	3.24E-02	3.09E-02
P40472	NaN	NaN	NaN
P40540	NaN	NaN	NaN
Q03010	NaN	NaN	NaN
P47103	1.23E-02	1.03E-02	2.09E-02
P35999	1.14E-02	1.90E-02	1.43E-02
P47150	2.65E-02	2.92E-02	3.14E-02
P40055	3.13E-03	NaN	NaN
P23503	NaN	NaN	2.24E-03
Q04934	NaN	NaN	3.64E-03
Q04119	2.66E-02	2.06E-02	2.06E-02
P29468	2.09E-02	2.29E-02	2.32E-02
P32452	NaN	NaN	2.71E-03
P53048	NaN	NaN	NaN
P23642	2.79E-02	3.73E-02	2.87E-02
P36973	3.00E-02	3.50E-02	3.24E-02
Q03529	NaN	NaN	NaN
P34248	NaN	NaN	6.60E-03
Q04212	1.89E-02	1.98E-02	2.23E-02
Q12320	1.44E-02	1.13E-02	1.64E-02
P18408	NaN	NaN	NaN
P46995	4.35E-03	3.34E-03	3.79E-03
P53272	NaN	NaN	NaN
P17064	9.54E-02	7.16E-02	8.38E-02
P40218	3.91E-03	1.25E-02	8.76E-03
Q12246	NaN	NaN	3.08E-03
P36151	NaN	NaN	3.85E-03
P46957	4.40E-03	NaN	3.06E-03
Q07897	NaN	NaN	NaN
Q06497	NaN	NaN	NaN
Q08925	NaN	NaN	6.10E-03
P32523	5.40E-03	NaN	7.35E-03
P53732	6.87E-03	8.07E-03	6.72E-03
Q12199	NaN	NaN	2.78E-03
P23369	6.99E-03	6.10E-03	5.32E-03
Q03020	1.05E-02	1.31E-02	8.95E-03
P53924	1.66E-02	1.08E-02	8.75E-03
P36141	NaN	NaN	7.14E-03
P36104	NaN	NaN	2.48E-03
Q12019	NaN	NaN	NaN
P38149	NaN	NaN	4.14E-03
Q08548	NaN	NaN	NaN
Q03674	5.08E-02	7.16E-02	6.95E-02
Q03497	2.26E-02	2.73E-02	2.32E-02
Q12339	NaN	NaN	2.09E-03
P53296	3.77E-02	4.20E-02	4.98E-02
P20676	NaN	NaN	NaN
P13185	7.85E-03	5.15E-03	5.44E-03
P38342	1.82E-02	3.67E-03	1.41E-02
P41819	5.25E-03	4.82E-03	5.00E-03
P19145	NaN	NaN	NaN
P25631	NaN	NaN	NaN
P13587	4.00E-03	3.13E-02	3.45E-02
P43577	NaN	NaN	4.30E-03
P40555	NaN	NaN	NaN
P53859	1.83E-02	1.34E-02	1.73E-02
P51998	2.19E-03	NaN	NaN
P47037	NaN	NaN	3.15E-03
P32857	NaN	NaN	1.57E-02
Q06107	1.58E-02	1.20E-02	1.78E-02
P33754	5.09E-03	2.67E-03	4.92E-03
P32794	NaN	NaN	NaN
P43587	NaN	NaN	6.69E-03
P69771	NaN	NaN	NaN
P36523	2.32E-03	NaN	1.44E-03
P46673	NaN	NaN	NaN
Q05521	NaN	NaN	NaN
Q05791	4.44E-03	NaN	2.69E-03
P40089	4.86E-04	4.24E-04	1.63E-03
Q08444	2.34E-02	2.29E-02	1.67E-02
Q02890	1.29E-02	1.01E-02	1.19E-02
Q03219	1.62E-02	2.26E-02	1.46E-02
P52871	NaN	NaN	9.38E-03
P25335	1.03E-02	1.06E-02	1.19E-02
P47158	6.33E-03	6.68E-03	6.68E-03
Q08746	5.21E-03	NaN	NaN
P41318	NaN	NaN	1.63E-03
Q08960	1.42E-02	NaN	1.53E-02
Q12446	NaN	NaN	NaN
P25654	NaN	NaN	2.15E-03
P37304	6.61E-02	4.61E-02	4.57E-02
P38856	NaN	NaN	3.29E-02
P38121	3.91E-02	NaN	3.26E-02
P14680	NaN	NaN	3.84E-03
Q99186	NaN	NaN	NaN
P53073	3.73E-03	3.15E-03	4.12E-03
P34087	2.95E-02	3.72E-02	4.04E-02
P42838	NaN	NaN	NaN
P47142	NaN	NaN	6.13E-03
P32908	6.82E-03	NaN	7.26E-03
Q06833	NaN	NaN	7.97E-03
P32462	NaN	NaN	4.35E-03
P24279	9.81E-03	7.88E-03	4.51E-03
Q07457	NaN	NaN	NaN
P38341	NaN	NaN	NaN
Q12156	NaN	NaN	3.70E-03
P38775	NaN	3.40E-02	NaN
Q02948	1.19E-02	1.23E-02	1.10E-02
P53909	1.59E-02	1.48E-02	1.63E-02
P42934	NaN	NaN	NaN
P43600	1.88E-02	9.85E-03	1.08E-02
P38129	5.01E-02	3.38E-02	3.43E-02
P53076	NaN	1.36E-02	1.21E-02
P38903	3.36E-02	2.93E-02	3.36E-02
P47124	NaN	NaN	3.02E-03
P25576	NaN	NaN	NaN
Q12270	3.84E-02	3.30E-02	4.84E-02
Q03833	NaN	NaN	NaN
Q07716	3.22E-02	2.75E-02	2.84E-02
P24583	NaN	NaN	1.01E-02
P25515	2.31E-02	1.63E-02	6.67E-02
P38887	NaN	NaN	NaN
P53121	NaN	NaN	4.20E-03
Q06689	NaN	NaN	NaN
P53323	4.88E-03	4.43E-03	3.53E-03
P39927	NaN	NaN	NaN
P12954	1.16E-02	NaN	NaN
P38712	NaN	NaN	NaN
P32500	2.98E-02	2.86E-02	2.76E-02
P48569	1.58E-02	1.56E-02	1.80E-02
P36165	4.86E-02	5.43E-02	3.51E-02
P40052	NaN	NaN	NaN
P32864	NaN	NaN	5.51E-03
P48813	1.71E-02	1.23E-02	6.20E-03
Q06169	4.23E-03	5.64E-03	6.48E-03
P38156	NaN	NaN	NaN
P34077	2.17E-01	1.85E-01	1.88E-01
P39006	NaN	NaN	8.32E-03
P53125	5.77E-03	3.80E-03	6.02E-03
P25632	3.38E-02	3.18E-02	2.61E-02
P32909	1.65E-02	1.57E-02	1.24E-02
Q06506	NaN	2.52E-02	2.67E-02
Q07688	8.49E-03	1.60E-02	1.35E-02
P34219	NaN	NaN	NaN
P46982	5.77E-02	6.50E-02	6.51E-02
P40064	1.79E-02	2.04E-02	1.94E-02
Q06608	1.04E-02	NaN	3.85E-03
P11746	NaN	1.35E-02	1.15E-02
Q04806	NaN	NaN	4.16E-03
Q02887	NaN	NaN	2.20E-03
P53066	3.81E-02	6.40E-02	7.19E-02
P14682	NaN	NaN	NaN
P38080	4.14E-03	5.51E-03	NaN
P48234	NaN	NaN	NaN
P08425	NaN	NaN	4.35E-03
P38869	NaN	NaN	NaN
P36525	5.68E-03	4.75E-03	5.77E-03
Q03266	NaN	NaN	NaN
P46682	NaN	NaN	NaN
P22434	NaN	7.56E-03	1.15E-02
P53729	3.95E-03	NaN	NaN
P40207	NaN	NaN	2.02E-03
P38523	NaN	NaN	NaN
P53829	5.76E-03	7.82E-03	7.41E-03
P38902	3.89E-03	5.39E-03	3.79E-03
P25560	3.54E-02	2.04E-02	2.36E-02
P32487	NaN	NaN	NaN
P32388	1.37E-02	9.98E-03	1.08E-02
P38719	1.39E-02	8.38E-03	1.12E-02
Q12296	NaN	NaN	2.67E-03
Q12387	1.01E-02	NaN	8.45E-03
Q03533	1.57E-02	1.08E-02	1.80E-02
P33302	4.30E-03	NaN	5.45E-03
Q02784	1.46E-02	1.21E-02	1.48E-02
P21825	3.17E-02	3.67E-02	2.35E-02
P29703	NaN	NaN	NaN
P53177	NaN	NaN	NaN
P36090	NaN	NaN	NaN
P53322	3.51E-02	3.02E-02	3.04E-02
P53290	1.26E-02	NaN	NaN
P38112	NaN	NaN	NaN
P40959	3.93E-02	3.13E-02	3.28E-02
P25296	NaN	NaN	NaN
P06100	3.89E-02	4.25E-02	3.18E-02
P32349	6.20E-03	1.25E-02	9.10E-03
Q03778	NaN	NaN	1.48E-03
Q92325	2.65E-02	3.22E-02	1.69E-02
P40481	NaN	NaN	NaN
P23797	1.74E-02	1.81E-02	2.06E-02
Q05636	NaN	NaN	NaN
P53258	NaN	2.23E-03	NaN
Q02771	NaN	NaN	NaN
P14772	NaN	NaN	NaN
P06182	8.36E-03	6.65E-03	5.90E-03
Q08245	3.03E-02	4.83E-02	3.99E-02
Q06683	1.39E-02	1.20E-02	1.36E-02
P53329	5.22E-02	5.32E-02	5.16E-02
Q9P305	2.91E-02	2.62E-02	3.09E-02
P40545	NaN	5.76E-03	4.88E-03
Q12427	NaN	NaN	1.46E-02
P33310	1.45E-02	9.65E-03	5.23E-03
Q12108	9.26E-02	1.08E-01	5.90E-02
Q99312	4.06E-02	4.09E-02	3.72E-02
P47173	1.68E-02	1.56E-02	2.33E-02
Q08217	2.59E-02	2.39E-02	1.94E-02
P40357	1.21E-02	1.07E-02	1.19E-02
P07834	6.30E-03	7.20E-03	1.66E-02
P28239	NaN	NaN	NaN
P53139	5.26E-02	4.17E-02	4.30E-02
P40535	NaN	NaN	3.65E-03
P40344	1.56E-02	1.59E-02	1.70E-02
P33301	6.53E-02	5.95E-02	5.96E-02
P35201	NaN	NaN	NaN
P40168	9.97E-02	9.40E-02	9.29E-02
P42937	6.47E-03	4.66E-03	2.86E-03
P38266	1.38E-02	9.67E-03	1.04E-02
P40078	1.73E-02	2.90E-02	2.60E-02
P36135	NaN	1.23E-02	NaN
Q00582	2.32E-02	2.03E-02	2.89E-02
P26793	2.13E-02	1.76E-02	1.57E-02
Q07655	2.95E-02	2.44E-02	2.21E-02
P23285	NaN	NaN	1.22E-02
P32617	9.92E-03	1.59E-02	1.53E-02
P25332	4.80E-03	5.13E-03	4.50E-03
P38805	8.71E-03	9.69E-03	9.76E-03
Q02795	NaN	NaN	NaN
P33311	NaN	NaN	NaN
P53264	NaN	NaN	8.33E-03
P32328	NaN	NaN	NaN
P47064	2.28E-02	2.96E-02	2.65E-02
Q12486	NaN	NaN	1.84E-02
P43132	1.24E-02	1.02E-02	3.87E-03
Q03305	NaN	1.46E-02	NaN
P53969	4.33E-03	NaN	NaN
P47025	NaN	NaN	NaN
Q08023	9.54E-02	1.17E-01	1.09E-01
P53848	2.23E-01	2.22E-01	2.29E-01
P25358	2.70E-02	2.47E-02	3.06E-02
P40046	NaN	NaN	3.35E-03
P53894	1.95E-02	1.45E-02	1.51E-02
Q03735	3.25E-02	6.63E-03	2.90E-02
Q12291	NaN	NaN	4.12E-03
Q12396	4.37E-02	4.35E-02	4.05E-02
P39960	1.68E-02	1.56E-02	1.20E-02
P11433	NaN	NaN	2.37E-03
P47164	1.44E-02	2.89E-02	2.81E-02
P32862	6.44E-03	5.45E-03	4.80E-03
P38635	NaN	NaN	3.21E-03
P36024	NaN	NaN	1.34E-02
P04039	5.14E-02	5.74E-02	5.78E-02
P40081	1.74E-02	1.90E-02	9.51E-03
P31109	9.91E-03	1.70E-02	2.03E-02
Q12178	4.25E-02	4.25E-02	4.22E-02
Q12481	8.53E-03	3.94E-03	7.80E-03
P32798	5.83E-02	8.23E-02	6.93E-02
P32048	4.17E-03	3.94E-03	3.01E-03
P43638	NaN	NaN	NaN
Q03786	NaN	NaN	2.24E-03
P33417	NaN	7.67E-03	7.46E-03
P53309	1.82E-01	1.89E-01	2.21E-01
Q3E846	NaN	NaN	NaN
P34251	3.21E-03	3.80E-03	3.49E-03
P38172	1.21E-02	1.29E-02	1.37E-02
P19516	NaN	6.60E-03	3.81E-03
P38072	NaN	NaN	NaN
P38698	NaN	NaN	2.77E-03
P25365	NaN	NaN	NaN
Q12276	NaN	NaN	NaN
Q02770	1.97E-02	2.01E-02	2.25E-02
P52593	2.21E-02	1.59E-02	2.21E-02
P36149	3.58E-03	NaN	3.14E-03
P36076	NaN	NaN	1.86E-03
P47107	7.82E-02	8.42E-02	1.40E-01
Q02805	NaN	NaN	NaN
P34163	7.24E-02	6.68E-02	6.68E-02
Q06479	5.87E-03	NaN	NaN
P18851	NaN	NaN	NaN
Q99189	NaN	NaN	3.24E-03
P45976	NaN	NaN	7.91E-03
Q04344	NaN	NaN	NaN
P27809	NaN	NaN	3.23E-03
P39013	NaN	NaN	NaN
P40499	NaN	3.77E-03	4.21E-03
P53378	3.55E-02	6.21E-02	6.00E-02
P37838	3.05E-03	NaN	NaN
P05318	NaN	8.37E-04	NaN
P38961	NaN	NaN	2.57E-03
P40579	NaN	NaN	NaN
P40002	6.18E-03	1.09E-02	9.21E-03
